can,y,task,scaffold
CCCCCCCCCCCC(=O)OCC[N+](CC)(CC)CC.[Br-],0,binary,acyclic
CCCCCCCCCCCCCCCC(=O)OCC[N+](CC)(CC)CC.[Br-],0,binary,acyclic
CCCCCCCCCCCC(=O)OCC[N+](CCCC)(CCCC)CCCC.[Br-],0,binary,acyclic
CCCCCCCCCCCCCCCC(=O)OCC[N+](CCCC)(CCCC)CCCC.[Br-],0,binary,acyclic
CCCCCCCCCCCC(=O)OCCC[n+]1ccccc1.[Cl-],0,binary,c1cc[nH+]cc1
CCCCCCCCCCCCCCCC(=O)OCCC[n+]1ccccc1.[Cl-],0,binary,c1cc[nH+]cc1
CCCCCCCCCCCCNC(=O)C[n+]1ccccc1.[Cl-],0,binary,c1cc[nH+]cc1
CCCCCCCCCCCCCCCCCCNC(=O)C[n+]1ccccc1.[Cl-],0,binary,c1cc[nH+]cc1
CCCCCCCCCC[N+](C)(C)CCNS(=O)(=O)CC12CCC(CC1=O)C2(C)C.[Br-],0,binary,O=C1CC2CCC1C2
CCCCCCCCCCCC[N+](C)(C)CCNS(=O)(=O)CC12CCC(CC1=O)C2(C)C.[Br-],0,binary,O=C1CC2CCC1C2
CCCCCCCCCCCCCC[N+](C)(C)CCNS(=O)(=O)CC12CCC(CC1=O)C2(C)C.[Br-],1,binary,O=C1CC2CCC1C2
CCCCCCCCCCCCCCCC[N+](C)(C)CCNS(=O)(=O)CC12CCC(CC1=O)C2(C)C.[Br-],0,binary,O=C1CC2CCC1C2
CCCCCCCCCCOC(=O)C[N+](C)(C)CCNS(=O)(=O)CC12CCC(CC1=O)C2(C)C.[Br-],0,binary,O=C1CC2CCC1C2
CCCCCCCCCCCCOC(=O)C[N+](C)(C)CCNS(=O)(=O)CC12CCC(CC1=O)C2(C)C.[Br-],0,binary,O=C1CC2CCC1C2
CCCCCCCCCCCCCCOC(=O)C[N+](C)(C)CCNS(=O)(=O)CC12CCC(CC1=O)C2(C)C.[Br-],0,binary,O=C1CC2CCC1C2
CCCCCCCCCC[N+]1(C)CCN(S(=O)(=O)CC23CCC(CC2=O)C3(C)C)CC1.[Br-],0,binary,O=C1CC2CCC1(CS(=O)(=O)N1CC[NH2+]CC1)C2
CCCCCCCCCCCC[N+]1(C)CCN(S(=O)(=O)CC23CCC(CC2=O)C3(C)C)CC1.[Br-],0,binary,O=C1CC2CCC1(CS(=O)(=O)N1CC[NH2+]CC1)C2
CCCCCCCCCCCCCC[N+]1(C)CCN(S(=O)(=O)CC23CCC(CC2=O)C3(C)C)CC1.[Br-],0,binary,O=C1CC2CCC1(CS(=O)(=O)N1CC[NH2+]CC1)C2
CCCCCCCCCCCCCCCC[N+]1(C)CCN(S(=O)(=O)CC23CCC(CC2=O)C3(C)C)CC1.[Br-],0,binary,O=C1CC2CCC1(CS(=O)(=O)N1CC[NH2+]CC1)C2
CCCCCCCCCCOC(=O)C[N+]1(C)CCN(S(=O)(=O)CC23CCC(CC2=O)C3(C)C)CC1.[Br-],0,binary,O=C1CC2CCC1(CS(=O)(=O)N1CC[NH2+]CC1)C2
CCCCCCCCCCCCOC(=O)C[N+]1(C)CCN(S(=O)(=O)CC23CCC(CC2=O)C3(C)C)CC1.[Br-],0,binary,O=C1CC2CCC1(CS(=O)(=O)N1CC[NH2+]CC1)C2
CCCCCCCCCCCCCCOC(=O)C[N+]1(C)CCN(S(=O)(=O)CC23CCC(CC2=O)C3(C)C)CC1.[Br-],0,binary,O=C1CC2CCC1(CS(=O)(=O)N1CC[NH2+]CC1)C2
CCCCCCCCCCOC(=O)C[n+]1ccn(S(=O)(=O)CC23CCC(CC2=O)C3(C)C)c1.[Br-],0,binary,O=C1CC2CCC1(CS(=O)(=O)n1cc[nH+]c1)C2
CCCCCCCCCCCCOC(=O)C[n+]1ccn(S(=O)(=O)CC23CCC(CC2=O)C3(C)C)c1.[Br-],0,binary,O=C1CC2CCC1(CS(=O)(=O)n1cc[nH+]c1)C2
CCCCCCCCCCCCCCOC(=O)C[n+]1ccn(S(=O)(=O)CC23CCC(CC2=O)C3(C)C)c1.[Br-],0,binary,O=C1CC2CCC1(CS(=O)(=O)n1cc[nH+]c1)C2
CCCCCCCCCCNC(=O)C[n+]1ccn(S(=O)(=O)CC23CCC(CC2=O)C3(C)C)c1.[Br-],0,binary,O=C1CC2CCC1(CS(=O)(=O)n1cc[nH+]c1)C2
CCCCCCCCCCCCNC(=O)C[n+]1ccn(S(=O)(=O)CC23CCC(CC2=O)C3(C)C)c1.[Br-],0,binary,O=C1CC2CCC1(CS(=O)(=O)n1cc[nH+]c1)C2
CCCCCCCCCCCCCCNC(=O)C[n+]1ccn(S(=O)(=O)CC23CCC(CC2=O)C3(C)C)c1.[Br-],0,binary,O=C1CC2CCC1(CS(=O)(=O)n1cc[nH+]c1)C2
CCC[n+]1cccc(C(=O)NN=Cc2ccc(Cl)c(Cl)c2)c1.[Br-],0,binary,O=C(NN=Cc1ccccc1)c1ccc[nH+]c1
CCC[n+]1cccc(C(=O)N/N=C\c2c(Cl)cccc2Cl)c1.[Br-],0,binary,O=C(NN=Cc1ccccc1)c1ccc[nH+]c1
CCC[n+]1cccc(C(=O)N/N=C\c2ccc(N(C)C)cc2)c1.[Br-],0,binary,O=C(NN=Cc1ccccc1)c1ccc[nH+]c1
CCC[n+]1cccc(C(=O)N/N=C\c2ccc(OC)c(O)c2)c1.[Br-],0,binary,O=C(NN=Cc1ccccc1)c1ccc[nH+]c1
CCC[n+]1cccc(C(=O)N/N=C\c2cccc(O)c2)c1.[Br-],0,binary,O=C(NN=Cc1ccccc1)c1ccc[nH+]c1
CCC[n+]1cccc(C(=O)N/N=C\C=C\c2ccccc2)c1.[Br-],0,binary,O=C(NN=CC=Cc1ccccc1)c1ccc[nH+]c1
CCC[n+]1cccc(C(=O)N/N=C\C=C\c2ccccc2OC)c1.[Br-],0,binary,O=C(NN=CC=Cc1ccccc1)c1ccc[nH+]c1
CCC[n+]1cccc(C(=O)N/N=C\c2ccc(Cl)cc2)c1.[Br-],0,binary,O=C(NN=Cc1ccccc1)c1ccc[nH+]c1
C[N+](CCO)(CCO)CCCCCCSc1nc2ccccc2o1.[Br-],0,binary,c1ccc2ocnc2c1
C[N+](CCO)(CCO)CCCCCCCCSc1nc2ccccc2o1.[Br-],0,binary,c1ccc2ocnc2c1
C[N+](CCO)(CCO)CCCCCCCCCCSc1nc2ccccc2o1.[Br-],0,binary,c1ccc2ocnc2c1
C[N+](CCO)(CCO)CCCCCCCCCCCCSc1nc2ccccc2o1.[Br-],1,binary,c1ccc2ocnc2c1
C[N+](CCO)(CCO)CCCCCCSc1nc2ccccc2s1.[Br-],0,binary,c1ccc2scnc2c1
C[N+](CCO)(CCO)CCCCCCCCSc1nc2ccccc2s1.[Br-],0,binary,c1ccc2scnc2c1
C[N+](CCO)(CCO)CCCCCCCCCCSc1nc2ccccc2s1.[Br-],1,binary,c1ccc2scnc2c1
C[N+](CCO)(CCO)CCCCCCCCCCCCSc1nc2ccccc2s1.[Br-],1,binary,c1ccc2scnc2c1
C[N+](CCO)(CCCO)CCCCCCSc1nnc(-c2ccc(F)cc2)o1.[Br-],0,binary,c1ccc(-c2nnco2)cc1
C[N+](CCO)(CCCO)CCCCCCCCSc1nnc(-c2ccc(F)cc2)o1.[Br-],0,binary,c1ccc(-c2nnco2)cc1
C[N+](CCO)(CCCO)CCCCCCCCCCSc1nnc(-c2ccc(F)cc2)o1.[Br-],0,binary,c1ccc(-c2nnco2)cc1
C[N+](CCO)(CCCO)CCCCCCCCCCCCSc1nnc(-c2ccc(F)cc2)o1.[Br-],0,binary,c1ccc(-c2nnco2)cc1
C[N+](CCO)(CCCO)CCCCCCSc1nnc(-c2ccc(C(F)(F)F)cc2)o1.[Br-],0,binary,c1ccc(-c2nnco2)cc1
C[N+](CCO)(CCCO)CCCCCCCCSc1nnc(-c2ccc(C(F)(F)F)cc2)o1.[Br-],0,binary,c1ccc(-c2nnco2)cc1
C[N+](CCO)(CCCO)CCCCCCCCCCSc1nnc(-c2ccc(C(F)(F)F)cc2)o1.[Br-],0,binary,c1ccc(-c2nnco2)cc1
C[N+](CCO)(CCCO)CCCCCCCCCCCCSc1nnc(-c2ccc(C(F)(F)F)cc2)o1.[Br-],1,binary,c1ccc(-c2nnco2)cc1
CC(C)(C)c1ccc(-c2nnc(SCCCCCC[N+](C)(CCO)CCCO)o2)cc1.[Br-],0,binary,c1ccc(-c2nnco2)cc1
CC(C)(C)c1ccc(-c2nnc(SCCCCCCCC[N+](C)(CCO)CCCO)o2)cc1.[Br-],0,binary,c1ccc(-c2nnco2)cc1
CC(C)(C)c1ccc(-c2nnc(SCCCCCCCCCC[N+](C)(CCO)CCCO)o2)cc1.[Br-],1,binary,c1ccc(-c2nnco2)cc1
CC(C)(C)c1ccc(-c2nnc(SCCCCCCCCCCCC[N+](C)(CCO)CCCO)o2)cc1.[Br-],1,binary,c1ccc(-c2nnco2)cc1
Cc1nnc(SCCCCCC[N+](C)(CCO)CCCO)o1.[Br-],0,binary,c1nnco1
Cc1nnc(SCCCCCCCC[N+](C)(CCO)CCCO)o1.[Br-],0,binary,c1nnco1
Cc1nnc(SCCCCCCCCCC[N+](C)(CCO)CCCO)o1.[Br-],0,binary,c1nnco1
Cc1nnc(SCCCCCCCCCCCC[N+](C)(CCO)CCCO)o1.[Br-],1,binary,c1nnco1
Cc1ccc2c(c1)/C(=N/NC(=O)C[N+](C)(C)C)C(=O)N2.[Cl-],0,binary,N=C1C(=O)Nc2ccccc21
C[N+](C)(C)CC(=O)N/N=C1\C(=O)Nc2ccc(Cl)cc21.[Cl-],0,binary,N=C1C(=O)Nc2ccccc21
C[N+](C)(C)CC(=O)N/N=C1\C(=O)Nc2ccc(Br)cc21.[Cl-],0,binary,N=C1C(=O)Nc2ccccc21
C[N+](C)(C)CC(=O)N/N=C1\C(=O)Nc2cc(Br)ccc21.[Cl-],0,binary,N=C1C(=O)Nc2ccccc21
Cc1c(C(C)(C)C)cc(CN2C(=O)/C(=N\NC(=O)C[n+]3ccccc3)c3ccccc32)cc1C(C)(C)C.[Cl-],0,binary,O=C(C[n+]1ccccc1)NN=C1C(=O)N(Cc2ccccc2)c2ccccc21
Cc1ccc2c(c1)/C(=N/NC(=O)C[n+]1ccccc1)C(=O)N2Cc1cc(C(C)(C)C)c(C)c(C(C)(C)C)c1.[Cl-],0,binary,O=C(C[n+]1ccccc1)NN=C1C(=O)N(Cc2ccccc2)c2ccccc21
CCc1ccc2c(c1)/C(=N/NC(=O)C[n+]1ccccc1)C(=O)N2Cc1cc(C(C)(C)C)c(C)c(C(C)(C)C)c1.[Cl-],0,binary,O=C(C[n+]1ccccc1)NN=C1C(=O)N(Cc2ccccc2)c2ccccc21
Cc1c(C(C)(C)C)cc(CN2C(=O)/C(=N\NC(=O)C[n+]3ccccc3)c3cc(Cl)ccc32)cc1C(C)(C)C.[Cl-],0,binary,O=C(C[n+]1ccccc1)NN=C1C(=O)N(Cc2ccccc2)c2ccccc21
Cc1c(C(C)(C)C)cc(CN2C(=O)/C(=N\NC(=O)C[n+]3ccccc3)c3cc(F)ccc32)cc1C(C)(C)C.[Cl-],0,binary,O=C(C[n+]1ccccc1)NN=C1C(=O)N(Cc2ccccc2)c2ccccc21
Cc1c(C(C)(C)C)cc(CN2C(=O)/C(=N\NC(=O)C[n+]3ccccc3)c3ccc(Br)cc32)cc1C(C)(C)C.[Cl-],0,binary,O=C(C[n+]1ccccc1)NN=C1C(=O)N(Cc2ccccc2)c2ccccc21
CCCCCCCCCCCC[n+]1cccc(OCC(CO)(CO)COc2ccc[n+](CCCCCCCCCCCC)c2)c1.[Br-].[Br-],1,binary,c1c[nH+]cc(OCCCOc2ccc[nH+]c2)c1
CCCCCCCNc1cc[n+](CC(CO)(CO)C[n+]2ccc(NCCCCCCC)cc2)cc1.[Cl-].[Cl-],0,binary,c1cc[n+](CCC[n+]2ccccc2)cc1
CCCCCCCCNc1cc[n+](CC(CO)(CO)C[n+]2ccc(NCCCCCCCC)cc2)cc1.[Cl-].[Cl-],0,binary,c1cc[n+](CCC[n+]2ccccc2)cc1
CCCCCCCCCNc1cc[n+](CC(CO)(CO)C[n+]2ccc(NCCCCCCCCC)cc2)cc1.[Cl-].[Cl-],0,binary,c1cc[n+](CCC[n+]2ccccc2)cc1
CCCCCCCCCCNc1cc[n+](CC(CO)(CO)C[n+]2ccc(NCCCCCCCCCC)cc2)cc1.[Cl-].[Cl-],0,binary,c1cc[n+](CCC[n+]2ccccc2)cc1
CCCCCCCCCCCNc1cc[n+](CC(CO)(CO)C[n+]2ccc(NCCCCCCCCCCC)cc2)cc1.[Cl-].[Cl-],0,binary,c1cc[n+](CCC[n+]2ccccc2)cc1
CCCCCCCCCCCCNc1cc[n+](CC(CO)(CO)C[n+]2ccc(NCCCCCCCCCCCC)cc2)cc1.[Cl-].[Cl-],0,binary,c1cc[n+](CCC[n+]2ccccc2)cc1
C=CC[N+](C)(CCCCCCCCCCCC)CC[N+](C)(C)CC[N+](C)(CC=C)CC[N+](C)(C)CCCCCCCCCCCC.[Br-].[Br-].[Br-].[Br-],1,binary,acyclic
CCCCCCCC[N+](C)(C)CCN(CC[N+](C)(C)CCCCCCCC)CC[N+](C)(C)CCCCCCCC,0,binary,acyclic
CCCCCCCCCC[N+](C)(C)CCN(CC[N+](C)(C)CCCCCCCCCC)CC[N+](C)(C)CCCCCCCCCC,1,binary,acyclic
CCCCCCCCCCC[N+](C)(C)CCN(CC[N+](C)(C)CCCCCCCCCCC)CC[N+](C)(C)CCCCCCCCCCC,1,binary,acyclic
CCCCCCCCCCCC[N+](C)(C)CCN(CC[N+](C)(C)CCCCCCCCCCCC)CC[N+](C)(C)CCCCCCCCCCCC,1,binary,acyclic
CCCCCCCCCCCCCC[N+](C)(C)CCN(CC[N+](C)(C)CCCCCCCCCCCCCC)CC[N+](C)(C)CCCCCCCCCCCCCC,0,binary,acyclic
CCCCCCCC[N+](C)(C)Cc1cc(C[N+](C)(C)C)cc(C[N+](C)(C)CCCCCCCC)c1.[Br-].[Br-].[Br-],0,binary,c1ccccc1
CCCCCCCCCC[N+](C)(C)Cc1cc(C[N+](C)(C)C)cc(C[N+](C)(C)CCCCCCCCCC)c1.[Br-].[Br-].[Br-],0,binary,c1ccccc1
CCCCCCCCCCCCCCCC[N+](C)(C)Cc1cc(C[N+](C)(C)C)cc(C[N+](C)(C)CCCCCCCCCCCCCCCC)c1.[Br-].[Br-].[Br-],0,binary,c1ccccc1
CCCCCCCCCCCCCCCC[n+]1cccc(CN(Cc2ccc[n+](CCCCCCCCCCCCCCCC)c2)Cc2ccc[n+](CCCCCCCCCCCCCCCC)c2)c1.[Br-].[Br-].[Br-],0,binary,c1c[nH+]cc(CN(Cc2ccc[nH+]c2)Cc2ccc[nH+]c2)c1
CCCCCCCCCCCCCCCCCC[n+]1cccc(CN(Cc2ccc[n+](CCCCCCCCCCCCCCCCCC)c2)Cc2ccc[n+](CCCCCCCCCCCCCCCCCC)c2)c1.[Br-].[Br-].[Br-],0,binary,c1c[nH+]cc(CN(Cc2ccc[nH+]c2)Cc2ccc[nH+]c2)c1
CCCCCCC[n+]1cccc(OCC(COc2ccc[n+](CCCCCCC)c2)(COc2ccc[n+](CCCCCCC)c2)COc2ccc[n+](CCCCCCC)c2)c1.[Br-].[Br-].[Br-].[Br-],0,binary,c1c[nH+]cc(OCC(COc2ccc[nH+]c2)(COc2ccc[nH+]c2)COc2ccc[nH+]c2)c1
CCCCCCCC[n+]1cccc(OCC(COc2ccc[n+](CCCCCCCC)c2)(COc2ccc[n+](CCCCCCCC)c2)COc2ccc[n+](CCCCCCCC)c2)c1.[Br-].[Br-].[Br-].[Br-],0,binary,c1c[nH+]cc(OCC(COc2ccc[nH+]c2)(COc2ccc[nH+]c2)COc2ccc[nH+]c2)c1
CCCCCCCCC[n+]1cccc(OCC(COc2ccc[n+](CCCCCCCCC)c2)(COc2ccc[n+](CCCCCCCCC)c2)COc2ccc[n+](CCCCCCCCC)c2)c1.[Br-].[Br-].[Br-].[Br-],0,binary,c1c[nH+]cc(OCC(COc2ccc[nH+]c2)(COc2ccc[nH+]c2)COc2ccc[nH+]c2)c1
CCCCCCCCCC[n+]1cccc(OCC(COc2ccc[n+](CCCCCCCCCC)c2)(COc2ccc[n+](CCCCCCCCCC)c2)COc2ccc[n+](CCCCCCCCCC)c2)c1.[Br-].[Br-].[Br-].[Br-],0,binary,c1c[nH+]cc(OCC(COc2ccc[nH+]c2)(COc2ccc[nH+]c2)COc2ccc[nH+]c2)c1
CCCCCCCCCCC[n+]1cccc(OCC(COc2ccc[n+](CCCCCCCCCCC)c2)(COc2ccc[n+](CCCCCCCCCCC)c2)COc2ccc[n+](CCCCCCCCCCC)c2)c1.[Br-].[Br-].[Br-].[Br-],0,binary,c1c[nH+]cc(OCC(COc2ccc[nH+]c2)(COc2ccc[nH+]c2)COc2ccc[nH+]c2)c1
CCCCCCCCCCCC[n+]1cccc(OCC(COc2ccc[n+](CCCCCCCCCCCC)c2)(COc2ccc[n+](CCCCCCCCCCCC)c2)COc2ccc[n+](CCCCCCCCCCCC)c2)c1.[Br-].[Br-].[Br-].[Br-],0,binary,c1c[nH+]cc(OCC(COc2ccc[nH+]c2)(COc2ccc[nH+]c2)COc2ccc[nH+]c2)c1
C[N+](C)(C)CC[N+](C)(C)C,0,binary,acyclic
C[N+](C)(C)CCCCC[N+](C)(C)C.[I-].[I-],0,binary,acyclic
CCCCCCCCCCCC[N+](C)(C)CCC[N+](C)(C)CCCCCCCCCCCC.[Br-].[Br-],1,binary,acyclic
CCCCCCCCCCCC[N+](C)(C)CCCCC[N+](C)(C)CCCCCCCCCCCC.[Br-].[Br-],1,binary,acyclic
CCCCCCCCCCCC[N+](C)(C)CC[N+](C)(C)CC[N+](C)(C)CCCCCCCCCCCC.[Br-].[Br-].[I-],1,binary,acyclic
CCCCCC[N+](C)(C)CCCCCCCCCCC(=O)OC.[Cl-],1,binary,acyclic
CCCCCCCCCCCC[N+](C)(C)CCCCCCCCCCC(=O)OC.[Cl-],0,binary,acyclic
CCCCCCCCCCCCCCCCCC[N+](C)(C)CCCCCCCCCCC(=O)OC.[Cl-],0,binary,acyclic
CCCCCC[N+](C)(CCCCCCCCCCC(=O)OC)CCCCCCCCCCC(=O)OC.[Cl-],0,binary,acyclic
CCCCCCCCCCCC[N+](C)(CCCCCCCCCCC(=O)OC)CCCCCCCCCCC(=O)OC.[Cl-],0,binary,acyclic
CCCCCCCCCCCCCCCCCC[N+](C)(CCCCCCCCCCC(=O)OC)CCCCCCCCCCC(=O)OC.[Cl-],0,binary,acyclic
CCCCCCCC[N+](C)(CCCCCCCC)CCCCCCCCCCC(=O)OC.[Cl-],0,binary,acyclic
COC(=O)CCCCCCCCCC[N+](C)(C1CCCCC1)C1CCCCC1.[Cl-],0,binary,C1CCC([NH2+]C2CCCCC2)CC1
CCC[N+]12CCC(CC1)C(O)C2.[Br-],0,binary,C1C[NH+]2CCC1CC2
CCCC[N+]12CCC(CC1)C(O)C2.[Br-],0,binary,C1C[NH+]2CCC1CC2
CCCCCC[N+]12CCC(CC1)C(O)C2.[Br-],0,binary,C1C[NH+]2CCC1CC2
CCCCCCCC[N+]12CCC(CC1)C(O)C2.[Br-],0,binary,C1C[NH+]2CCC1CC2
CCCCCCCCCC[N+]12CCC(CC1)C(O)C2.[Br-],0,binary,C1C[NH+]2CCC1CC2
CCCCCCCCCCCC[N+]12CCC(CC1)C(O)C2.[Br-],0,binary,C1C[NH+]2CCC1CC2
CCCCCCCCCCCCCC[N+]12CCC(CC1)C(O)C2.[Br-],1,binary,C1C[NH+]2CCC1CC2
CCCCCCOC(=O)C[N+](C)(C)CC[N+](C)(C)CC(=O)OCCCCCC.[Cl-].[Cl-],0,binary,acyclic
CCCCCCCCOC(=O)C[N+](C)(C)CC[N+](C)(C)CC(=O)OCCCCCCCC.[Cl-].[Cl-],0,binary,acyclic
CCCCCCCCCCOC(=O)C[N+](C)(C)CC[N+](C)(C)CC(=O)OCCCCCCCCCC.[Cl-].[Cl-],0,binary,acyclic
CCCCCCCCCCCCOC(=O)C[N+](C)(C)CC[N+](C)(C)CC(=O)OCCCCCCCCCCCC.[Cl-].[Cl-],0,binary,acyclic
CCCCCCCCCCCCCCOC(=O)C[N+](C)(C)CC[N+](C)(C)CC(=O)OCCCCCCCCCCCCCC.[Cl-].[Cl-],0,binary,acyclic
CCCCCCCCCCOC(=O)C[N+](C)(C)CCC[N+](C)(C)CC(=O)OCCCCCCCCCC.[Cl-].[Cl-],0,binary,acyclic
CCCCCCCCCCCCOC(=O)C[N+](C)(C)CCC[N+](C)(C)CC(=O)OCCCCCCCCCCCC.[Cl-].[Cl-],0,binary,acyclic
CCCCCCCCCCCCOC(=O)C[N+](C)(C)CCC[N+](C)(C)CC(=O)OCCCCCCCCCCCC.[Br-].[Br-],0,binary,acyclic
CC1(C)[C@@H]2CC[C@H](CC[N+](C)(C)CC[C@H]3CC[C@@H]4C[C@H]3C4(C)C)[C@H]1C2.[Cl-],1,binary,C(CC1CCC2CC1C2)[NH2+]CCC1CCC2CC1C2
CC1(C)[C@@H]2CC[C@H](CC[N+](C)(C)CC[C@H]3CC[C@@H]4C[C@H]3C4(C)C)[C@H]1C2.[I-],0,binary,C(CC1CCC2CC1C2)[NH2+]CCC1CCC2CC1C2
CC1(C)[C@@H]2CC[C@H](CC[N+]3(CC[C@H]4CC[C@@H]5C[C@H]4C5(C)C)CCCCC3)[C@H]1C2.[I-],0,binary,C1CC[N+](CCC2CCC3CC2C3)(CCC2CCC3CC2C3)CC1
CC1(C)[C@@H]2CC[C@H](CC[N+]3(CC[C@H]4CC[C@@H]5C[C@H]4C5(C)C)CCOCC3)[C@H]1C2.[Cl-],0,binary,C1C[N+](CCC2CCC3CC2C3)(CCC2CCC3CC2C3)CCO1
CC1(C)[C@@H]2CC[C@H](CC[N+]3(CC[C@H]4CC[C@@H]5C[C@H]4C5(C)C)CCOCC3)[C@H]1C2.[Br-],0,binary,C1C[N+](CCC2CCC3CC2C3)(CCC2CCC3CC2C3)CCO1
CC1(C)[C@@H]2CC[C@H](CC[N+]3(CC[C@H]4CC[C@@H]5C[C@H]4C5(C)C)CCOCC3)[C@H]1C2.[I-],0,binary,C1C[N+](CCC2CCC3CC2C3)(CCC2CCC3CC2C3)CCO1
CCCCCCNC(=O)C[N+](C)(C)CC(=O)NCCNC(=O)C[N+](C)(C)CC(=O)NCCCCCC.[Br-].[Br-],0,binary,acyclic
CCCCCCNC(=O)C[N+](C)(C)CC(=O)NCCCNC(=O)C[N+](C)(C)CC(=O)NCCCCCC.[Br-].[Br-],0,binary,acyclic
CCCCCCNC(=O)C[N+](C)(C)CC(=O)NCCCCNC(=O)C[N+](C)(C)CC(=O)NCCCCCC.[Br-].[Br-],0,binary,acyclic
CCCCCCNC(=O)C[N+](C)(C)CC(=O)NCCCCCCNC(=O)C[N+](C)(C)CC(=O)NCCCCCC.[Br-].[Br-],0,binary,acyclic
CCCCCCCCNC(=O)C[N+](C)(C)CC(=O)NCCNC(=O)C[N+](C)(C)CC(=O)NCCCCCCCC.[Br-].[Br-],0,binary,acyclic
CCCCCCCCNC(=O)C[N+](C)(C)CC(=O)NCCCNC(=O)C[N+](C)(C)CC(=O)NCCCCCCCC.[Br-].[Br-],0,binary,acyclic
CCCCCCCCNC(=O)C[N+](C)(C)CC(=O)NCCCCNC(=O)C[N+](C)(C)CC(=O)NCCCCCCCC.[Br-].[Br-],1,binary,acyclic
CCCCCCCCNC(=O)C[N+](C)(C)CC(=O)NCCCCCCNC(=O)C[N+](C)(C)CC(=O)NCCCCCCCC.[Br-].[Br-],1,binary,acyclic
CCCCCCCCCCCCNC(=O)C[N+](C)(C)CC(=O)NCCNC(=O)C[N+](C)(C)CC(=O)NCCCCCCCCCCCC.[Br-].[Br-],0,binary,acyclic
CCCCCCCCCCCCNC(=O)C[N+](C)(C)CC(=O)NCCCNC(=O)C[N+](C)(C)CC(=O)NCCCCCCCCCCCC.[Br-].[Br-],0,binary,acyclic
CCCCCCCCCCCCNC(=O)C[N+](C)(C)CC(=O)NCCCCNC(=O)C[N+](C)(C)CC(=O)NCCCCCCCCCCCC.[Br-].[Br-],0,binary,acyclic
CCCCCCCCCCCCNC(=O)C[N+](C)(C)CC(=O)NCCCCCCNC(=O)C[N+](C)(C)CC(=O)NCCCCCCCCCCCC.[Br-].[Br-],0,binary,acyclic
CCCCCCCCCCCCCCCCNC(=O)C[N+](C)(C)CC(=O)NCCNC(=O)C[N+](C)(C)CC(=O)NCCCCCCCCCCCCCCCC.[Br-].[Br-],0,binary,acyclic
CCCCCCCCCCCCCCCCNC(=O)C[N+](C)(C)CC(=O)NCCCNC(=O)C[N+](C)(C)CC(=O)NCCCCCCCCCCCCCCCC.[Br-].[Br-],0,binary,acyclic
CCCCCCCCCCCCCCCCNC(=O)C[N+](C)(C)CC(=O)NCCCCNC(=O)C[N+](C)(C)CC(=O)NCCCCCCCCCCCCCCCC.[Br-].[Br-],0,binary,acyclic
CCCCCCCCCCCCCCCCNC(=O)C[N+](C)(C)CC(=O)NCCCCCCNC(=O)C[N+](C)(C)CC(=O)NCCCCCCCCCCCCCCCC.[Br-].[Br-],0,binary,acyclic
CCCCCCCCCCCC[N+](C)(C)CCNC(=O)[C@]12C[C@H]3C[C@H](C[C@](C(=O)NCC[N+](C)(C)CCCCCCCCCCCC)(C3)C1)C2.[Br-].[Br-],1,binary,C1C2CC3CC1CC(C2)C3
CCCCCCCCCCCCCC[N+](C)(C)CCNC(=O)[C@]12C[C@H]3C[C@H](C[C@](C(=O)NCC[N+](C)(C)CCCCCCCCCCCCCC)(C3)C1)C2.[Br-].[Br-],0,binary,C1C2CC3CC1CC(C2)C3
CCCCCCCCCCCCCCCC[N+](C)(C)CCNC(=O)[C@]12C[C@H]3C[C@H](C[C@](C(=O)NCC[N+](C)(C)CCCCCCCCCCCCCCCC)(C3)C1)C2.[Br-].[Br-],0,binary,C1C2CC3CC1CC(C2)C3
CCCCCCCCCCCC[N+]1(C)CCN(C)CC1.[Cl-],0,binary,C1C[NH2+]CCN1
CCCCCCCC[N+]1(C)CC[N+](C)(CCCCCCCC)CC1.[Br-].[Br-],0,binary,C1C[NH2+]CC[NH2+]1
CCCCCCCCCC[N+]1(C)CC[N+](C)(CCCCCCCCCC)CC1.[Br-].[Br-],0,binary,C1C[NH2+]CC[NH2+]1
CCCCCCCCCCC[N+]1(C)CC[N+](C)(CCCCCCCCCCC)CC1.[Br-].[Br-],0,binary,C1C[NH2+]CC[NH2+]1
CCCCCCCCCCCC[N+]1(C)CC[N+](C)(CCCCCCCCCCCC)CC1.[Br-].[Br-],1,binary,C1C[NH2+]CC[NH2+]1
CCCCCCCCCCCC[N+]1(C)CC[N+](C)(CCCCCCCCCCCC)CC1.[Br-].[Cl-],1,binary,C1C[NH2+]CC[NH2+]1
CCCCCCCCCCCCC[N+]1(C)CC[N+](C)(CCCCCCCCCCCCC)CC1.[Br-].[Br-],0,binary,C1C[NH2+]CC[NH2+]1
CCCCCCCCCCCCCC[N+]1(C)CC[N+](C)(CCCCCCCCCCCCCC)CC1.[Br-].[Br-],0,binary,C1C[NH2+]CC[NH2+]1
CCCCCCCCCCCCCCCC[N+]1(C)CC[N+](C)(CCCCCCCCCCCCCCCC)CC1.[Br-].[Br-],0,binary,C1C[NH2+]CC[NH2+]1
CCCCCCCCCCCCCCCCCC[N+]1(C)CC[N+](C)(CCCCCCCCCCCCCCCCCC)CC1.[Br-].[Br-],0,binary,C1C[NH2+]CC[NH2+]1
CCCCCCCCNC(=O)C[N+]1(C)CC[N+](C)(CC(=O)NCCCCCCCC)CC1.[Br-].[Br-],1,binary,C1C[NH2+]CC[NH2+]1
CCCCCCCCCNC(=O)C[N+]1(C)CC[N+](C)(CC(=O)NCCCCCCCCC)CC1.[Br-].[Br-],1,binary,C1C[NH2+]CC[NH2+]1
CCCCCCCCCCNC(=O)C[N+]1(C)CC[N+](C)(CC(=O)NCCCCCCCCCC)CC1.[Br-].[Br-],1,binary,C1C[NH2+]CC[NH2+]1
CCCCCCCCCCCNC(=O)C[N+]1(C)CC[N+](C)(CC(=O)NCCCCCCCCCCC)CC1.[Br-].[Br-],0,binary,C1C[NH2+]CC[NH2+]1
CCCCCCCCCCCCNC(=O)C[N+]1(C)CC[N+](C)(CC(=O)NCCCCCCCCCCCC)CC1.[Br-].[Br-],0,binary,C1C[NH2+]CC[NH2+]1
CCCCCCCCCCCCCCNC(=O)C[N+]1(C)CC[N+](C)(CC(=O)NCCCCCCCCCCCCCC)CC1.[Br-].[Br-],0,binary,C1C[NH2+]CC[NH2+]1
CCCCCCCCCCCC[N+]12CCN(CC1)CC2.[Cl-],0,binary,C1C[NH+]2CCN1CC2
CCCCCCCC[N+](C)(C)CCC[N+](C)(CCC[N+](C)(C)CCCCCCCC)CCC[N+](C)(C)CCCCCCCC.[Br-].[Br-].[Br-].[I-],0,binary,acyclic
CCCCCCCCCC[N+](C)(C)CCC[N+](C)(CCC[N+](C)(C)CCCCCCCCCC)CCC[N+](C)(C)CCCCCCCCCC.[Br-].[Br-].[Br-].[I-],1,binary,acyclic
CCCCCCCCCCC[N+](C)(C)CCC[N+](C)(CCC[N+](C)(C)CCCCCCCCCCC)CCC[N+](C)(C)CCCCCCCCCCC.[Br-].[Br-].[Br-].[I-],1,binary,acyclic
CCCCCCCCCCCC[N+](C)(C)CCC[N+](C)(CCC[N+](C)(C)CCCCCCCCCCCC)CCC[N+](C)(C)CCCCCCCCCCCC.[Br-].[Br-].[Br-].[I-],1,binary,acyclic
CCCCCCCCCCCCC[N+](C)(C)CCC[N+](C)(CCC[N+](C)(C)CCCCCCCCCCCCC)CCC[N+](C)(C)CCCCCCCCCCCCC.[Br-].[Br-].[Br-].[I-],1,binary,acyclic
CCCCCCCCCCCCCC[N+](C)(C)CCC[N+](C)(CCC[N+](C)(C)CCCCCCCCCCCCCC)CCC[N+](C)(C)CCCCCCCCCCCCCC.[Br-].[Br-].[Br-].[I-],0,binary,acyclic
CCCCCCCCCCCC[n+]1cccc(C2OCC3(CO2)COC(c2ccc[n+](CCCCCCCCCCCC)c2)OC3)c1.[Br-].[Br-],0,binary,c1c[nH+]cc(C2OCC3(CO2)COC(c2ccc[nH+]c2)OC3)c1
CCCCCCC[n+]1cccc(Oc2ccc(-c3ccc(Oc4ccc[n+](CCCCCCC)c4)cc3)cc2)c1.[Br-].[Br-],0,binary,c1c[nH+]cc(Oc2ccc(-c3ccc(Oc4ccc[nH+]c4)cc3)cc2)c1
CCCCCCC[n+]1cccc(Oc2ccc(-c3ccc(Oc4ccc[n+](CCCCCCC)c4)cc3)cc2)c1.[I-].[I-],0,binary,c1c[nH+]cc(Oc2ccc(-c3ccc(Oc4ccc[nH+]c4)cc3)cc2)c1
CCCCCCCC[n+]1cccc(Oc2ccc(-c3ccc(Oc4ccc[n+](CCCCCCCC)c4)cc3)cc2)c1.[Br-].[Br-],1,binary,c1c[nH+]cc(Oc2ccc(-c3ccc(Oc4ccc[nH+]c4)cc3)cc2)c1
CCCCCCCC[n+]1cccc(Oc2ccc(-c3ccc(Oc4ccc[n+](CCCCCCCC)c4)cc3)cc2)c1.[I-].[I-],0,binary,c1c[nH+]cc(Oc2ccc(-c3ccc(Oc4ccc[nH+]c4)cc3)cc2)c1
CCCCCCCCCC[n+]1cccc(Oc2ccc(-c3ccc(Oc4ccc[n+](CCCCCCCCCC)c4)cc3)cc2)c1.[Cl-].[Cl-],1,binary,c1c[nH+]cc(Oc2ccc(-c3ccc(Oc4ccc[nH+]c4)cc3)cc2)c1
CCCCCCCCCC[n+]1cccc(Oc2ccc(-c3ccc(Oc4ccc[n+](CCCCCCCCCC)c4)cc3)cc2)c1.[I-].[I-],1,binary,c1c[nH+]cc(Oc2ccc(-c3ccc(Oc4ccc[nH+]c4)cc3)cc2)c1
CCCCCCCCCCC[n+]1cccc(Oc2ccc(-c3ccc(Oc4ccc[n+](CCCCCCCCCCC)c4)cc3)cc2)c1.[Br-].[Br-],0,binary,c1c[nH+]cc(Oc2ccc(-c3ccc(Oc4ccc[nH+]c4)cc3)cc2)c1
CCCCCCCCCCCC[n+]1cccc(Oc2ccc(-c3ccc(Oc4ccc[n+](CCCCCCCCCCCC)c4)cc3)cc2)c1.[Br-].[Br-],0,binary,c1c[nH+]cc(Oc2ccc(-c3ccc(Oc4ccc[nH+]c4)cc3)cc2)c1
CCCCCCCCCCCC[n+]1cccc(Oc2ccc(-c3ccc(Oc4ccc[n+](CCCCCCCCCCCC)c4)cc3)cc2)c1.[I-].[I-],0,binary,c1c[nH+]cc(Oc2ccc(-c3ccc(Oc4ccc[nH+]c4)cc3)cc2)c1
CCCCCCCCCCCCCC[n+]1cccc(Oc2ccc(-c3ccc(Oc4ccc[n+](CCCCCCCCCCCCCC)c4)cc3)cc2)c1.[Br-].[Br-],0,binary,c1c[nH+]cc(Oc2ccc(-c3ccc(Oc4ccc[nH+]c4)cc3)cc2)c1
CCCCCCCCCCCCCCCC[n+]1cccc(Oc2ccc(-c3ccc(Oc4ccc[n+](CCCCCCCCCCCCCCCC)c4)cc3)cc2)c1.[Br-].[Br-],0,binary,c1c[nH+]cc(Oc2ccc(-c3ccc(Oc4ccc[nH+]c4)cc3)cc2)c1
CCCCCCC[n+]1cccc(Oc2ccc(Oc3ccc(Oc4ccc[n+](CCCCCCC)c4)cc3)cc2)c1.[I-].[I-],0,binary,c1c[nH+]cc(Oc2ccc(Oc3ccc(Oc4ccc[nH+]c4)cc3)cc2)c1
CCCCCCCC[n+]1cccc(Oc2ccc(Oc3ccc(Oc4ccc[n+](CCCCCCCC)c4)cc3)cc2)c1.[Br-].[Br-],0,binary,c1c[nH+]cc(Oc2ccc(Oc3ccc(Oc4ccc[nH+]c4)cc3)cc2)c1
CCCCCCCC[n+]1cccc(Oc2ccc(Oc3ccc(Oc4ccc[n+](CCCCCCCC)c4)cc3)cc2)c1.[I-].[I-],0,binary,c1c[nH+]cc(Oc2ccc(Oc3ccc(Oc4ccc[nH+]c4)cc3)cc2)c1
CCCCCCCCC[n+]1cccc(Oc2ccc(Oc3ccc(Oc4ccc[n+](CCCCCCCCC)c4)cc3)cc2)c1.[Br-].[Br-],1,binary,c1c[nH+]cc(Oc2ccc(Oc3ccc(Oc4ccc[nH+]c4)cc3)cc2)c1
CCCCCCCCCC[n+]1cccc(Oc2ccc(Oc3ccc(Oc4ccc[n+](CCCCCCCCCC)c4)cc3)cc2)c1.[I-].[I-],1,binary,c1c[nH+]cc(Oc2ccc(Oc3ccc(Oc4ccc[nH+]c4)cc3)cc2)c1
CCCCCCCCCC[n+]1cccc(Oc2ccc(Oc3ccc(Oc4ccc[n+](CCCCCCCCCC)c4)cc3)cc2)c1.[Cl-].[Cl-],1,binary,c1c[nH+]cc(Oc2ccc(Oc3ccc(Oc4ccc[nH+]c4)cc3)cc2)c1
CCCCCCCCCCC[n+]1cccc(Oc2ccc(Oc3ccc(Oc4ccc[n+](CCCCCCCCCCC)c4)cc3)cc2)c1.[Br-].[Br-],1,binary,c1c[nH+]cc(Oc2ccc(Oc3ccc(Oc4ccc[nH+]c4)cc3)cc2)c1
CCCCCCCCCCCC[n+]1cccc(Oc2ccc(Oc3ccc(Oc4ccc[n+](CCCCCCCCCCCC)c4)cc3)cc2)c1.[Br-].[Br-],0,binary,c1c[nH+]cc(Oc2ccc(Oc3ccc(Oc4ccc[nH+]c4)cc3)cc2)c1
CCCCCCCCCCCC[n+]1cccc(Oc2ccc(Oc3ccc(Oc4ccc[n+](CCCCCCCCCCCC)c4)cc3)cc2)c1.[I-].[I-],0,binary,c1c[nH+]cc(Oc2ccc(Oc3ccc(Oc4ccc[nH+]c4)cc3)cc2)c1
CCCCCCCCCCCCCC[n+]1cccc(Oc2ccc(Oc3ccc(Oc4ccc[n+](CCCCCCCCCCCCCC)c4)cc3)cc2)c1.[Br-].[Br-],0,binary,c1c[nH+]cc(Oc2ccc(Oc3ccc(Oc4ccc[nH+]c4)cc3)cc2)c1
CCCCCCC[n+]1cccc(Oc2ccc(-c3ccc(-c4ccc(Oc5ccc[n+](CCCCCCC)c5)cc4)cc3)cc2)c1.[Br-].[Br-],0,binary,c1c[nH+]cc(Oc2ccc(-c3ccc(-c4ccc(Oc5ccc[nH+]c5)cc4)cc3)cc2)c1
CCCCCCCC[n+]1cccc(Oc2ccc(-c3ccc(-c4ccc(Oc5ccc[n+](CCCCCCCC)c5)cc4)cc3)cc2)c1.[Br-].[Br-],0,binary,c1c[nH+]cc(Oc2ccc(-c3ccc(-c4ccc(Oc5ccc[nH+]c5)cc4)cc3)cc2)c1
CCCCCCCCC[n+]1cccc(Oc2ccc(-c3ccc(-c4ccc(Oc5ccc[n+](CCCCCCCCC)c5)cc4)cc3)cc2)c1.[Br-].[Br-],0,binary,c1c[nH+]cc(Oc2ccc(-c3ccc(-c4ccc(Oc5ccc[nH+]c5)cc4)cc3)cc2)c1
CCCCCCCCCC[n+]1cccc(Oc2ccc(-c3ccc(-c4ccc(Oc5ccc[n+](CCCCCCCCCC)c5)cc4)cc3)cc2)c1.[Br-].[Br-],0,binary,c1c[nH+]cc(Oc2ccc(-c3ccc(-c4ccc(Oc5ccc[nH+]c5)cc4)cc3)cc2)c1
CCCCCCCCCCC[n+]1cccc(Oc2ccc(-c3ccc(-c4ccc(Oc5ccc[n+](CCCCCCCCCCC)c5)cc4)cc3)cc2)c1.[Br-].[Br-],0,binary,c1c[nH+]cc(Oc2ccc(-c3ccc(-c4ccc(Oc5ccc[nH+]c5)cc4)cc3)cc2)c1
CCCCCCCC[n+]1ccccc1Oc1ccc2ccc(Oc3cccc[n+]3CCCCCCCC)cc2c1.[Br-].[Br-],0,binary,c1ccc(Oc2ccc3ccc(Oc4cccc[nH+]4)cc3c2)[nH+]c1
CCCCCCCCC[n+]1ccccc1Oc1ccc2ccc(Oc3cccc[n+]3CCCCCCCCC)cc2c1.[Br-].[Br-],1,binary,c1ccc(Oc2ccc3ccc(Oc4cccc[nH+]4)cc3c2)[nH+]c1
CCCCCCCCCC[n+]1ccccc1Oc1ccc2ccc(Oc3cccc[n+]3CCCCCCCCCC)cc2c1.[Br-].[Br-],1,binary,c1ccc(Oc2ccc3ccc(Oc4cccc[nH+]4)cc3c2)[nH+]c1
CCCCCCCCCCC[n+]1ccccc1Oc1ccc2ccc(Oc3cccc[n+]3CCCCCCCCCCC)cc2c1.[Br-].[Br-],0,binary,c1ccc(Oc2ccc3ccc(Oc4cccc[nH+]4)cc3c2)[nH+]c1
CCCCCCCCCCCC[n+]1ccccc1Oc1ccc2ccc(Oc3cccc[n+]3CCCCCCCCCCCC)cc2c1.[Br-].[Br-],0,binary,c1ccc(Oc2ccc3ccc(Oc4cccc[nH+]4)cc3c2)[nH+]c1
CCCCCCCC[n+]1ccccc1Oc1ccc(-c2ccc(Oc3cccc[n+]3CCCCCCCC)cc2)cc1.[Br-].[Br-],1,binary,c1ccc(Oc2ccc(-c3ccc(Oc4cccc[nH+]4)cc3)cc2)[nH+]c1
CCCCCCCC[n+]1ccccc1Oc1ccc(-c2ccc(Oc3cccc[n+]3CCCCCCCC)cc2)cc1.[I-].[I-],0,binary,c1ccc(Oc2ccc(-c3ccc(Oc4cccc[nH+]4)cc3)cc2)[nH+]c1
CCCCCCCCCC[n+]1ccccc1Oc1ccc(-c2ccc(Oc3cccc[n+]3CCCCCCCCCC)cc2)cc1.[Br-].[Br-],1,binary,c1ccc(Oc2ccc(-c3ccc(Oc4cccc[nH+]4)cc3)cc2)[nH+]c1
CCCCCCCCCC[n+]1ccccc1Oc1ccc(-c2ccc(Oc3cccc[n+]3CCCCCCCCCC)cc2)cc1.[I-].[I-],0,binary,c1ccc(Oc2ccc(-c3ccc(Oc4cccc[nH+]4)cc3)cc2)[nH+]c1
CCCCCCCCCCCC[n+]1ccccc1Oc1ccc(-c2ccc(Oc3cccc[n+]3CCCCCCCCCCCC)cc2)cc1.[Br-].[Br-],0,binary,c1ccc(Oc2ccc(-c3ccc(Oc4cccc[nH+]4)cc3)cc2)[nH+]c1
CCCCCCCCCCCC[n+]1ccccc1Oc1ccc(-c2ccc(Oc3cccc[n+]3CCCCCCCCCCCC)cc2)cc1.[I-].[I-],0,binary,c1ccc(Oc2ccc(-c3ccc(Oc4cccc[nH+]4)cc3)cc2)[nH+]c1
CCCCCCCC[n+]1ccc(Oc2ccc(-c3ccc(Oc4cc[n+](CCCCCCCC)cc4)cc3)cc2)cc1.[Br-].[Br-],1,binary,c1cc(Oc2ccc(-c3ccc(Oc4cc[nH+]cc4)cc3)cc2)cc[nH+]1
CCCCCCCC[n+]1ccc(Oc2ccc(-c3ccc(Oc4cc[n+](CCCCCCCC)cc4)cc3)cc2)cc1.[I-].[I-],1,binary,c1cc(Oc2ccc(-c3ccc(Oc4cc[nH+]cc4)cc3)cc2)cc[nH+]1
CCCCCCCCCC[n+]1ccc(Oc2ccc(-c3ccc(Oc4cc[n+](CCCCCCCCCC)cc4)cc3)cc2)cc1.[Br-].[Br-],1,binary,c1cc(Oc2ccc(-c3ccc(Oc4cc[nH+]cc4)cc3)cc2)cc[nH+]1
CCCCCCCCCC[n+]1ccc(Oc2ccc(-c3ccc(Oc4cc[n+](CCCCCCCCCC)cc4)cc3)cc2)cc1.[I-].[I-],0,binary,c1cc(Oc2ccc(-c3ccc(Oc4cc[nH+]cc4)cc3)cc2)cc[nH+]1
CCCCCCCCCCCC[n+]1ccc(Oc2ccc(-c3ccc(Oc4cc[n+](CCCCCCCCCCCC)cc4)cc3)cc2)cc1.[Br-].[Br-],0,binary,c1cc(Oc2ccc(-c3ccc(Oc4cc[nH+]cc4)cc3)cc2)cc[nH+]1
CCCCCCCCCCCC[n+]1ccc(Oc2ccc(-c3ccc(Oc4cc[n+](CCCCCCCCCCCC)cc4)cc3)cc2)cc1.[I-].[I-],0,binary,c1cc(Oc2ccc(-c3ccc(Oc4cc[nH+]cc4)cc3)cc2)cc[nH+]1
CCCCCCCC[n+]1ccc(Oc2ccc(Oc3ccc(Oc4cc[n+](CCCCCCCC)cc4)cc3)cc2)cc1.[Br-].[Br-],1,binary,c1cc(Oc2ccc(Oc3ccc(Oc4cc[nH+]cc4)cc3)cc2)cc[nH+]1
CCCCCCCCC[n+]1ccc(Oc2ccc(Oc3ccc(Oc4cc[n+](CCCCCCCCC)cc4)cc3)cc2)cc1.[Br-].[Br-],1,binary,c1cc(Oc2ccc(Oc3ccc(Oc4cc[nH+]cc4)cc3)cc2)cc[nH+]1
CCCCCCCCCC[n+]1ccc(Oc2ccc(Oc3ccc(Oc4cc[n+](CCCCCCCCCC)cc4)cc3)cc2)cc1.[Cl-].[Cl-],1,binary,c1cc(Oc2ccc(Oc3ccc(Oc4cc[nH+]cc4)cc3)cc2)cc[nH+]1
CCCCCCCCCC[n+]1ccc(Oc2ccc(Oc3ccc(Oc4cc[n+](CCCCCCCCCC)cc4)cc3)cc2)cc1.[Br-].[Br-],1,binary,c1cc(Oc2ccc(Oc3ccc(Oc4cc[nH+]cc4)cc3)cc2)cc[nH+]1
CCCCCCCCCC[n+]1ccc(Oc2ccc(Oc3ccc(Oc4cc[n+](CCCCCCCCCC)cc4)cc3)cc2)cc1.[I-].[I-],0,binary,c1cc(Oc2ccc(Oc3ccc(Oc4cc[nH+]cc4)cc3)cc2)cc[nH+]1
CCCCCCCCCCC[n+]1ccc(Oc2ccc(Oc3ccc(Oc4cc[n+](CCCCCCCCCCC)cc4)cc3)cc2)cc1.[Br-].[Br-],0,binary,c1cc(Oc2ccc(Oc3ccc(Oc4cc[nH+]cc4)cc3)cc2)cc[nH+]1
CCCCCCNc1cc[n+](Cc2ccccc2OCCCCOc2ccccc2C[n+]2ccc(NCCCCCC)cc2)cc1.[Cl-].[Cl-],0,binary,c1cc[n+](Cc2ccccc2OCCCCOc2ccccc2C[n+]2ccccc2)cc1
CCCCCCCNc1cc[n+](Cc2ccccc2OCCCCOc2ccccc2C[n+]2ccc(NCCCCCCC)cc2)cc1.[Cl-].[Cl-],0,binary,c1cc[n+](Cc2ccccc2OCCCCOc2ccccc2C[n+]2ccccc2)cc1
CCCCCCCCNc1cc[n+](Cc2ccccc2OCCCCOc2ccccc2C[n+]2ccc(NCCCCCCCC)cc2)cc1.[Cl-].[Cl-],0,binary,c1cc[n+](Cc2ccccc2OCCCCOc2ccccc2C[n+]2ccccc2)cc1
CCCCCCCCCNc1cc[n+](Cc2ccccc2OCCCCOc2ccccc2C[n+]2ccc(NCCCCCCCCC)cc2)cc1.[Cl-].[Cl-],0,binary,c1cc[n+](Cc2ccccc2OCCCCOc2ccccc2C[n+]2ccccc2)cc1
CCCCCCCCCCNc1cc[n+](Cc2ccccc2OCCCCOc2ccccc2C[n+]2ccc(NCCCCCCCCCC)cc2)cc1.[Cl-].[Cl-],0,binary,c1cc[n+](Cc2ccccc2OCCCCOc2ccccc2C[n+]2ccccc2)cc1
CCCCCCCCCCCNc1cc[n+](Cc2ccccc2OCCCCOc2ccccc2C[n+]2ccc(NCCCCCCCCCCC)cc2)cc1.[Cl-].[Cl-],0,binary,c1cc[n+](Cc2ccccc2OCCCCOc2ccccc2C[n+]2ccccc2)cc1
CCCCCCCCCCCCNc1cc[n+](Cc2ccccc2OCCCCOc2ccccc2C[n+]2ccc(NCCCCCCCCCCCC)cc2)cc1.[Cl-].[Cl-],0,binary,c1cc[n+](Cc2ccccc2OCCCCOc2ccccc2C[n+]2ccccc2)cc1
CCCCCCNc1ccc[n+](Cc2ccccc2OCCCCOc2ccccc2C[n+]2cccc(NCCCCCC)c2)c1.[Cl-].[Cl-],0,binary,c1cc[n+](Cc2ccccc2OCCCCOc2ccccc2C[n+]2ccccc2)cc1
CCCCCCCCNc1ccc[n+](Cc2ccccc2OCCCCOc2ccccc2C[n+]2cccc(NCCCCCCCC)c2)c1.[Cl-].[Cl-],0,binary,c1cc[n+](Cc2ccccc2OCCCCOc2ccccc2C[n+]2ccccc2)cc1
CCCCCCCCCNc1ccc[n+](Cc2ccccc2OCCCCOc2ccccc2C[n+]2cccc(NCCCCCCCCC)c2)c1.[Cl-].[Cl-],0,binary,c1cc[n+](Cc2ccccc2OCCCCOc2ccccc2C[n+]2ccccc2)cc1
CCCCCCCCCCNc1ccc[n+](Cc2ccccc2OCCCCOc2ccccc2C[n+]2cccc(NCCCCCCCCCC)c2)c1.[Cl-].[Cl-],0,binary,c1cc[n+](Cc2ccccc2OCCCCOc2ccccc2C[n+]2ccccc2)cc1
CCCCCCCCCCCNc1ccc[n+](Cc2ccccc2OCCCCOc2ccccc2C[n+]2cccc(NCCCCCCCCCCC)c2)c1.[Cl-].[Cl-],0,binary,c1cc[n+](Cc2ccccc2OCCCCOc2ccccc2C[n+]2ccccc2)cc1
CCCCCCCCCCCCNc1ccc[n+](Cc2ccccc2OCCCCOc2ccccc2C[n+]2cccc(NCCCCCCCCCCCC)c2)c1.[Cl-].[Cl-],0,binary,c1cc[n+](Cc2ccccc2OCCCCOc2ccccc2C[n+]2ccccc2)cc1
CCCCCCCC[N+](C)(C)Cc1cnc(C)c(OC(C)=O)c1C.[Cl-],0,binary,c1ccncc1
CCCCCCCCCCCC[N+](C)(C)Cc1cnc(C)c(OC(C)=O)c1C.[Cl-],0,binary,c1ccncc1
CCCCCCCCCCCCCCCCCC[N+](C)(C)Cc1cnc(C)c(OC(C)=O)c1C.[Cl-],0,binary,c1ccncc1
CCCCCCCC[N+](C)(C)Cc1c[nH+]c(C)c(O)c1C.[Cl-].[Cl-],0,binary,c1cc[nH+]cc1
CCCCCCCCCCCC[N+](C)(C)Cc1c[nH+]c(C)c(O)c1C.[Cl-].[Cl-],0,binary,c1cc[nH+]cc1
CCCCCCCCCCCCCCCCCC[N+](C)(C)Cc1c[nH+]c(C)c(O)c1C.[Cl-].[Cl-],0,binary,c1cc[nH+]cc1
CCCCCCCCCCCCCCCCCC[N+](C)(C)Cc1cnc(C)c2c1COCO2.[Cl-],0,binary,c1cc2c(cn1)OCOC2
CCCCCCCCCCCCCCCCCC[N+](C)(C)Cc1cnc(C)c2c1COC(CC)O2.[Cl-],0,binary,c1cc2c(cn1)OCOC2
CCCCCCCCCCCCCCCCCC[N+](C)(C)Cc1cnc(C)c2c1COC(CCC)O2.[Cl-],0,binary,c1cc2c(cn1)OCOC2
CCCCCCCCCCCCCCCCCC[N+](C)(C)Cc1cnc(C)c2c1COC(CCCC)O2.[Cl-],0,binary,c1cc2c(cn1)OCOC2
CCCCCCCCCCCCCCCCCC[N+](C)(C)Cc1cnc(C)c2c1COC(C(C)(C)C)O2.[Cl-],0,binary,c1cc2c(cn1)OCOC2
CCCCCCCCCCCCCCCCCC[N+](C)(C)Cc1cnc(C)c2c1COC(CCCCCCCC)O2.[Cl-],0,binary,c1cc2c(cn1)OCOC2
CCCCCCCCCCCCCCCCCC[N+](C)(C)Cc1cnc(C)c2c1COC(C(C)CCCCCCCCC)O2.[Cl-],0,binary,c1cc2c(cn1)OCOC2
CCCCCCCCCCCCCCCCCC[N+](C)(C)Cc1cnc(C)c2c1COC1(CCCC1)O2.[Cl-],0,binary,c1cc2c(cn1)OC1(CCCC1)OC2
CCCCCCCC[N+](C)(C)Cc1nc(CO)c(CO)c2c1OC(C)(C)OC2.[Cl-],0,binary,c1cc2c(cn1)OCOC2
CCCCCCCCCCCCCCCCCC[N+](C)(C)Cc1nc(CO)c(CO)c2c1OC(C)(C)OC2.[Cl-],0,binary,c1cc2c(cn1)OCOC2
CCCCCCCC[N+](C)(C)Cc1nc(CO)c(CO)c(CO)c1O.[Cl-],0,binary,c1ccncc1
CCCCCCCCCCCCCCCCCC[N+](C)(C)Cc1nc(CO)c(CO)c(CO)c1O.[Cl-],0,binary,c1ccncc1
Cc1ncc(C[N+](C)(C)CC[N+](C)(C)Cc2cnc(C)c3c2COC(C)(C)O3)c2c1OC(C)(C)OC2.[Cl-].[Cl-],0,binary,c1ncc2c(c1C[NH2+]CC[NH2+]Cc1cncc3c1COCO3)COCO2
Cc1ncc(C[N+](C)(C)CCC[N+](C)(C)Cc2cnc(C)c3c2COC(C)(C)O3)c2c1OC(C)(C)OC2.[Cl-].[Cl-],0,binary,c1ncc2c(c1C[NH2+]CCC[NH2+]Cc1cncc3c1COCO3)COCO2
Cc1ncc(C[N+](C)(C)CCCC[N+](C)(C)Cc2cnc(C)c3c2COC(C)(C)O3)c2c1OC(C)(C)OC2.[Cl-].[Cl-],0,binary,c1ncc2c(c1C[NH2+]CCCC[NH2+]Cc1cncc3c1COCO3)COCO2
Cc1ncc(C[N+](C)(C)CCCCCC[N+](C)(C)Cc2cnc(C)c3c2COC(C)(C)O3)c2c1OC(C)(C)OC2.[Cl-].[Cl-],0,binary,c1ncc2c(c1C[NH2+]CCCCCC[NH2+]Cc1cncc3c1COCO3)COCO2
Cc1[nH+]cc(C[N+](C)(C)CC[N+](C)(C)Cc2c[nH+]c(C)c(O)c2CO)c(CO)c1O.[Cl-].[Cl-].[Cl-].[Cl-],0,binary,c1c[nH+]cc(C[NH2+]CC[NH2+]Cc2ccc[nH+]c2)c1
Cc1[nH+]cc(C[N+](C)(C)CCC[N+](C)(C)Cc2c[nH+]c(C)c(O)c2CO)c(CO)c1O.[Cl-].[Cl-].[Cl-].[Cl-],0,binary,c1c[nH+]cc(C[NH2+]CCC[NH2+]Cc2ccc[nH+]c2)c1
Cc1[nH+]cc(C[N+](C)(C)CCCC[N+](C)(C)Cc2c[nH+]c(C)c(O)c2CO)c(CO)c1O.[Cl-].[Cl-].[Cl-].[Cl-],0,binary,c1c[nH+]cc(C[NH2+]CCCC[NH2+]Cc2ccc[nH+]c2)c1
Cc1[nH+]cc(C[N+](C)(C)CCCCCC[N+](C)(C)Cc2c[nH+]c(C)c(O)c2CO)c(CO)c1O.[Cl-].[Cl-].[Cl-].[Cl-],0,binary,c1c[nH+]cc(C[NH2+]CCCCCC[NH2+]Cc2ccc[nH+]c2)c1
CCCC1OCc2c(C[N+](C)(C)CC[N+](C)(C)Cc3cnc(C)c4c3COC(CCC)O4)cnc(C)c2O1.[Cl-].[Cl-],0,binary,c1ncc2c(c1C[NH2+]CC[NH2+]Cc1cncc3c1COCO3)COCO2
CCCC1OCc2c(C[N+](C)(C)CCC[N+](C)(C)Cc3cnc(C)c4c3COC(CCC)O4)cnc(C)c2O1.[Cl-].[Cl-],0,binary,c1ncc2c(c1C[NH2+]CCC[NH2+]Cc1cncc3c1COCO3)COCO2
CCCC1OCc2c(C[N+](C)(C)CCCC[N+](C)(C)Cc3cnc(C)c4c3COC(CCC)O4)cnc(C)c2O1.[Cl-].[Cl-],0,binary,c1ncc2c(c1C[NH2+]CCCC[NH2+]Cc1cncc3c1COCO3)COCO2
CCCC1OCc2c(C[N+](C)(C)CCCCCC[N+](C)(C)Cc3cnc(C)c4c3COC(CCC)O4)cnc(C)c2O1.[Cl-].[Cl-],0,binary,c1ncc2c(c1C[NH2+]CCCCCC[NH2+]Cc1cncc3c1COCO3)COCO2
CCCCCCCC[N+](C)(C)Cc1cnc(C[N+](C)(C)CCCCCCCC)c2c1COC(C)(C)O2.[Cl-].[Cl-],0,binary,c1cc2c(cn1)OCOC2
CCCCCCCCCCCCCCCCCC[N+](C)(C)Cc1cnc(C[N+](C)(C)CCCCCCCCCCCCCCCCCC)c2c1COC(C)(C)O2.[Cl-].[Cl-],0,binary,c1cc2c(cn1)OCOC2
CCCCCCCC[N+](C)(C)Cc1c[nH+]c(C[N+](C)(C)CCCCCCCC)c(O)c1CO.[Cl-].[Cl-].[Cl-],0,binary,c1cc[nH+]cc1
CCCCCCCCCCCCCCCCCC[N+](C)(C)Cc1c[nH+]c(C[N+](C)(C)CCCCCCCCCCCCCCCCCC)c(O)c1CO.[Cl-].[Cl-].[Cl-],0,binary,c1cc[nH+]cc1
CCCCCCCC[N+]1(CCCCCCCC)Cc2nc(C)c3c(c2C1)COC(C)(C)O3.[Br-],0,binary,c1nc2c(c3c1OCOC3)C[NH2+]C2
CCCCCCCC[N+]1(CCCCCCCC)Cc2nc(C)c3c(c2C1)COC(C)(C)O3.[I-],0,binary,c1nc2c(c3c1OCOC3)C[NH2+]C2
CCCCCCCC[N+]1(CCCCCCCC)Cc2nc(C)c3c(c2C1)COC(CCC)O3.[Cl-],1,binary,c1nc2c(c3c1OCOC3)C[NH2+]C2
CCCCCCCC[N+]1(CCCCCCCC)Cc2nc(C)c3c(c2C1)COC(CCCCC)O3.[Cl-],1,binary,c1nc2c(c3c1OCOC3)C[NH2+]C2
Cc1nc(C[N+](C)(C/C=C/C#CC(C)(C)C)Cc2cccc3ccccc23)c(CO)c2c1OC(C)(C)OC2.[Br-],0,binary,c1ccc2c(C[NH2+]Cc3cc4c(cn3)OCOC4)cccc2c1
CCCC1OCc2c(CO)c(C[N+](C)(C/C=C/C#CC(C)(C)C)Cc3cccc4ccccc34)nc(C)c2O1.[Br-],0,binary,c1ccc2c(C[NH2+]Cc3cc4c(cn3)OCOC4)cccc2c1
CCCCCCCCCC(C)C1OCc2c(CO)c(C[N+](C)(C/C=C/C#CC(C)(C)C)Cc3cccc4ccccc34)nc(C)c2O1.[Br-],0,binary,c1ccc2c(C[NH2+]Cc3cc4c(cn3)OCOC4)cccc2c1
CC(C)(C)C#C/C=C/C[N+](C)(Cc1nc2c(c3c1OC(C)(C)OC3)COC(C)(C)OC2)Cc1cccc2ccccc12.[Br-],0,binary,c1ccc2c(C[NH2+]Cc3nc4c(c5c3OCOC5)COCOC4)cccc2c1
CCCC1OCc2nc(C[N+](C)(C/C=C/C#CC(C)(C)C)Cc3cccc4ccccc34)c3c(c2CO1)COC(CCC)O3.[Br-],0,binary,c1ccc2c(C[NH2+]Cc3nc4c(c5c3OCOC5)COCOC4)cccc2c1
CCCCCCCCCC(C)C1OCc2nc(C[N+](C)(C/C=C/C#CC(C)(C)C)Cc3cccc4ccccc34)c3c(c2CO1)COC(C(C)CCCCCCCCC)O3.[Br-],0,binary,c1ccc2c(C[NH2+]Cc3nc4c(c5c3OCOC5)COCOC4)cccc2c1
CC(C)(C)C#C/C=C/C[N+](C)(Cc1nc(CO)c(CO)c2c1OC(C)(C)OC2)Cc1cccc2ccccc12.[Br-],0,binary,c1ccc2c(C[NH2+]Cc3nccc4c3OCOC4)cccc2c1
CCCCCCCCCCCC(=O)NCC[N+](C)(C)Cc1cnc(C)c2c1COC(C)(C)O2.[Cl-],0,binary,c1cc2c(cn1)OCOC2
CCCCCCCCCCCCCC(=O)NCC[N+](C)(C)Cc1cnc(C)c2c1COC(C)(C)O2.[Cl-],1,binary,c1cc2c(cn1)OCOC2
CCCCCCCCCCCCCCCC(=O)NCC[N+](C)(C)Cc1cnc(C)c2c1COC(C)(C)O2.[Cl-],1,binary,c1cc2c(cn1)OCOC2
CCCCCCCCCCCCCCCCCC(=O)NCC[N+](C)(C)Cc1cnc(C)c2c1COC(C)(C)O2.[Cl-],0,binary,c1cc2c(cn1)OCOC2
CCCCCCCCCCCC(=O)NCCC[N+](C)(C)Cc1cnc(C)c2c1COC(C)(C)O2.[Cl-],0,binary,c1cc2c(cn1)OCOC2
CCCCCCCCCCCCCC(=O)NCCC[N+](C)(C)Cc1cnc(C)c2c1COC(C)(C)O2.[Cl-],1,binary,c1cc2c(cn1)OCOC2
CCCCCCCCCCCCCCCC(=O)NCCC[N+](C)(C)Cc1cnc(C)c2c1COC(C)(C)O2.[Cl-],0,binary,c1cc2c(cn1)OCOC2
CCCCCCCCCCCCCCCCCC(=O)NCCC[N+](C)(C)Cc1cnc(C)c2c1COC(C)(C)O2.[Cl-],0,binary,c1cc2c(cn1)OCOC2
CCCCCCCCCCCC(=O)NCC[N+](C)(C)Cc1cnc(C)c2c1COC(CCC)O2.[Cl-],1,binary,c1cc2c(cn1)OCOC2
CCCCCCCCCCCCCC(=O)NCC[N+](C)(C)Cc1cnc(C)c2c1COC(CCC)O2.[Cl-],1,binary,c1cc2c(cn1)OCOC2
CCCCCCCCCCCCCCCC(=O)NCC[N+](C)(C)Cc1cnc(C)c2c1COC(CCC)O2.[Cl-],0,binary,c1cc2c(cn1)OCOC2
CCCCCCCCCCCCCCCCCC(=O)NCC[N+](C)(C)Cc1cnc(C)c2c1COC(CCC)O2.[Cl-],0,binary,c1cc2c(cn1)OCOC2
CCCCCCCCCCCC(=O)NCCC[N+](C)(C)Cc1cnc(C)c2c1COC(CCC)O2.[Cl-],1,binary,c1cc2c(cn1)OCOC2
CCCCCCCCCCCCCC(=O)NCCC[N+](C)(C)Cc1cnc(C)c2c1COC(CCC)O2.[Cl-],0,binary,c1cc2c(cn1)OCOC2
CCCCCCCCCCCCCCCC(=O)NCCC[N+](C)(C)Cc1cnc(C)c2c1COC(CCC)O2.[Cl-],0,binary,c1cc2c(cn1)OCOC2
CCCCCCCCCCCCCCCCCC(=O)NCCC[N+](C)(C)Cc1cnc(C)c2c1COC(CCC)O2.[Cl-],0,binary,c1cc2c(cn1)OCOC2
CCCCCCCCCCCCCC(=O)NCCC[N+](C)(C)Cc1cnc(C)c2c1COC(CCCCC)O2.[Cl-],0,binary,c1cc2c(cn1)OCOC2
CCCCCCCCCCCCCC(=O)NCCC[N+](C)(C)Cc1cnc(C)c2c1COC(CCCCCCCC)O2.[Cl-],0,binary,c1cc2c(cn1)OCOC2
CCCCCC(=O)NCCC[N+](C)(C)Cc1cnc(C)c2c1COC(C)(C)O2.[Cl-],0,binary,c1cc2c(cn1)OCOC2
CCCCCC(=O)NCCC[N+](C)(C)Cc1cnc(C)c2c1COC(CCC)O2.[Cl-],0,binary,c1cc2c(cn1)OCOC2
CCCCCCCCC(C)C1OCc2c(C[N+](C)(C)CCCNC(=O)CCCCC)cnc(C)c2O1.[Cl-],0,binary,c1cc2c(cn1)OCOC2
CCCCCCCCCCCC(=O)OCC[N+](C)(C)Cc1cnc(C)c2c1COC(C)(C)O2.[Cl-],0,binary,c1cc2c(cn1)OCOC2
CCCCCCCCCCCCCC(=O)OCC[N+](C)(C)Cc1cnc(C)c2c1COC(C)(C)O2.[Cl-],1,binary,c1cc2c(cn1)OCOC2
CCCCCCCCCCCCCCCC(=O)OCC[N+](C)(C)Cc1cnc(C)c2c1COC(C)(C)O2.[Cl-],0,binary,c1cc2c(cn1)OCOC2
CCCCCCCCCCCC(=O)OCCC[N+](C)(C)Cc1cnc(C)c2c1COC(C)(C)O2.[Cl-],1,binary,c1cc2c(cn1)OCOC2
CCCCCCCCCCCCCC(=O)OCCC[N+](C)(C)Cc1cnc(C)c2c1COC(C)(C)O2.[Cl-],1,binary,c1cc2c(cn1)OCOC2
CCCCCCCCCCCCCCCC(=O)OCCC[N+](C)(C)Cc1cnc(C)c2c1COC(C)(C)O2.[Cl-],0,binary,c1cc2c(cn1)OCOC2
CCCCCCCCCCCC(=O)OCC[N+](C)(C)Cc1cnc(C)c2c1COC(CCC)O2.[Cl-],1,binary,c1cc2c(cn1)OCOC2
CCCCCCCCCCCCCC(=O)OCC[N+](C)(C)Cc1cnc(C)c2c1COC(CCC)O2.[Cl-],1,binary,c1cc2c(cn1)OCOC2
CCCCCCCCCCCCCCCC(=O)OCC[N+](C)(C)Cc1cnc(C)c2c1COC(CCC)O2.[Cl-],0,binary,c1cc2c(cn1)OCOC2
CCCCCCCCCCCC(=O)OCCC[N+](C)(C)Cc1cnc(C)c2c1COC(CCC)O2.[Cl-],1,binary,c1cc2c(cn1)OCOC2
CCCCCCCCCCCCCC(=O)OCCC[N+](C)(C)Cc1cnc(C)c2c1COC(CCC)O2.[Cl-],0,binary,c1cc2c(cn1)OCOC2
CCCCCCCCCCCCCCCC(=O)OCCC[N+](C)(C)Cc1cnc(C)c2c1COC(CCC)O2.[Cl-],0,binary,c1cc2c(cn1)OCOC2
CCCCCCCCCCCCCC(=O)OCCC[N+](C)(C)Cc1cnc(C)c2c1COC(CCCCC)O2.[Cl-],0,binary,c1cc2c(cn1)OCOC2
CCCCCCCCCCCCCC(=O)OCCC[N+](C)(C)Cc1cnc(C)c2c1COC(CCCCCCCC)O2.[Cl-],0,binary,c1cc2c(cn1)OCOC2
CCCCCCCCCCCCCC(=O)NCC[N+](C)(C)Cc1nc(C)c2c(c1CO)COC(C)(C)O2.[Cl-],0,binary,c1cc2c(cn1)OCOC2
CCCCCCCCCCCCCC(=O)OCC[N+](C)(C)Cc1nc(C)c2c(c1CO)COC(C)(C)O2.[Cl-],0,binary,c1cc2c(cn1)OCOC2
CCCCCCCCCCCCCC(=O)NCCC[N+](C)(C)Cc1nc(C)c2c(c1CO)COC(C)(C)O2.[Cl-],0,binary,c1cc2c(cn1)OCOC2
CCCCCCCCCCCCCC(=O)OCCC[N+](C)(C)Cc1nc(C)c2c(c1CO)COC(C)(C)O2.[Cl-],0,binary,c1cc2c(cn1)OCOC2
CCCCCCCCCCCCCC(=O)NCC[N+](C)(C)Cc1nc(C)c2c(c1CO)COC(CCC)O2.[Cl-],0,binary,c1cc2c(cn1)OCOC2
CCCCCCCCCCCCCC(=O)OCC[N+](C)(C)Cc1nc(C)c2c(c1CO)COC(CCC)O2.[Cl-],0,binary,c1cc2c(cn1)OCOC2
CCCCCCCCCCCCCC(=O)NCCC[N+](C)(C)Cc1nc(C)c2c(c1CO)COC(CCC)O2.[Cl-],0,binary,c1cc2c(cn1)OCOC2
CCCCCCCCCCCCCC(=O)OCCC[N+](C)(C)Cc1nc(C)c2c(c1CO)COC(CCC)O2.[Cl-],0,binary,c1cc2c(cn1)OCOC2
CCCCCCCC[N+](C)(C)Cc1nc(C)c2c(c1CO)COC(C)(C)O2.[Cl-],0,binary,c1cc2c(cn1)OCOC2
CCCCCCCCCC[N+](C)(C)CCCCC[N+](C)(C)CCCCCCCCCC.[Br-].[Br-],0,binary,acyclic
CCCCCCCCCCCCCC[N+](C)(C)CCCCC[N+](C)(C)CCCCCCCCCCCCCC.[Br-].[Br-],1,binary,acyclic
CCCCCCCCCCCCCCCC[N+](C)(C)CCCCC[N+](C)(C)CCCCCCCCCCCCCCCC.[Br-].[Br-],0,binary,acyclic
CCCCCCCCCCCC[N+](C)(C)CCCCCCC[N+](C)(C)CCCCCCCCCCCC.[Br-].[Br-],1,binary,acyclic
CCCCCCCCCCCC[N+](C)(C)CCC[N+](C)(CCC[N+](C)(C)CCCCCCCCCCCC)Cc1ccc(CCCCCCCC)cc1.[Br-].[Br-].[Br-],1,binary,c1ccccc1
CCCCCCCCCCCCCCCC[N+]1(C)CCN(C)CCN(C)CC1.[Br-],1,binary,C1CNCC[NH2+]CCN1
CCCCCCCC[N+](C)(CCCCCCCC)Cc1ccccc1.[Br-],0,binary,c1ccccc1
CCCCCCCCCC[N+](C)(CCCCCCCCCC)Cc1ccccc1.[Br-],0,binary,c1ccccc1
CCCCCCCCCCCCOC(=O)[C@@H]1CCCN1C(=O)[C@H](Cc1ccccc1)[N+](C)(C)C.[I-],0,binary,O=C(CCc1ccccc1)N1CCCC1
CCCCCCCCCCCCCCOC(=O)[C@@H]1CCCN1C(=O)[C@H](Cc1ccccc1)[N+](C)(C)C.[I-],0,binary,O=C(CCc1ccccc1)N1CCCC1
COc1cc2c(cc1OC)[C@@](C)(CO)[N+]1(CC2)Cc2ccccc2C1.[Br-],0,binary,c1ccc2c(c1)CC[N+]1(C2)Cc2ccccc2C1
COc1cc2c(cc1OC)C[N+]1(CCc3cc(OC)c(OC)cc3[C@@]1(C)CO)C2.[Br-],0,binary,c1ccc2c(c1)CC[N+]1(C2)Cc2ccccc2C1
COc1cc2c(cc1OC)[C@@](C)(CO)[N+]1(CC2)Cc2cc(OC[O])c(OC[O])cc2C1.[Br-],0,binary,c1ccc2c(c1)CC[N+]1(C2)Cc2ccccc2C1
COc1ccc([C@@]2(CO)c3cc(OC)c(OC)cc3CC[N+]23Cc2ccccc2C3)cc1.[Br-],0,binary,c1ccc(C2c3ccccc3CC[N+]23Cc2ccccc2C3)cc1
COc1ccc([C@@]2(CO)c3cc(OC)c(OC)cc3CC[N+]23Cc2cc(OC)c(OC)cc2C3)cc1.[Br-],0,binary,c1ccc(C2c3ccccc3CC[N+]23Cc2ccccc2C3)cc1
COc1ccc([C@@]2(CO)c3cc(OC)c(OC)cc3CC[N+]23Cc2cc(OC[O])c(OC[O])cc2C3)cc1.[Br-],0,binary,c1ccc(C2c3ccccc3CC[N+]23Cc2ccccc2C3)cc1
COc1cc2c(cc1OC)[C@](CO)(c1ccc(Br)cc1)[N+]1(CC2)Cc2ccccc2C1.[Br-],0,binary,c1ccc(C2c3ccccc3CC[N+]23Cc2ccccc2C3)cc1
COc1cc2c(cc1OC)C[N+]1(CCc3cc(OC)c(OC)cc3[C@]1(CO)c1ccc(Br)cc1)C2.[Br-],0,binary,c1ccc(C2c3ccccc3CC[N+]23Cc2ccccc2C3)cc1
COc1cc2c(cc1OC)[C@](CO)(c1ccc(Br)cc1)[N+]1(CC2)Cc2cc(OC[O])c(OC[O])cc2C1.[Br-],0,binary,c1ccc(C2c3ccccc3CC[N+]23Cc2ccccc2C3)cc1
COc1cc2c(cc1OC)[C@](CO)(C1CCCCC1)[N+]1(CC2)Cc2ccccc2C1.[Br-],0,binary,c1ccc2c(c1)C[N+]1(CCc3ccccc3C1C1CCCCC1)C2
COc1cc2c(cc1OC)C[N+]1(CCc3cc(OC)c(OC)cc3[C@]1(CO)C1CCCCC1)C2.[Br-],0,binary,c1ccc2c(c1)C[N+]1(CCc3ccccc3C1C1CCCCC1)C2
COc1cc2c(cc1OC)[C@](CO)(C1CCCCC1)[N+]1(CC2)Cc2cc(OC[O])c(OC[O])cc2C1.[Br-],0,binary,c1ccc2c(c1)C[N+]1(CCc3ccccc3C1C1CCCCC1)C2
CCCCCCCC[N+](C)(C)Cc1cnc(C[N+](C)(C)CCCCCCCC)c2c1COCO2.[Cl-].[Cl-],0,binary,c1cc2c(cn1)OCOC2
CCCCCCCCCC[N+](C)(C)Cc1cnc(C[N+](C)(C)CCCCCCCCCC)c2c1COCO2.[Cl-].[Cl-],0,binary,c1cc2c(cn1)OCOC2
CCCCCCCCCCCC[N+](C)(C)Cc1cnc(C[N+](C)(C)CCCCCCCCCCCC)c2c1COCO2.[Cl-].[Cl-],0,binary,c1cc2c(cn1)OCOC2
CCCCCCCCCCCCCC[N+](C)(C)Cc1cnc(C[N+](C)(C)CCCCCCCCCCCCCC)c2c1COCO2.[Cl-].[Cl-],0,binary,c1cc2c(cn1)OCOC2
CCCCCCCCCCCCCCCC[N+](C)(C)Cc1cnc(C[N+](C)(C)CCCCCCCCCCCCCCCC)c2c1COCO2.[Cl-].[Cl-],0,binary,c1cc2c(cn1)OCOC2
CCCCCCCCCCCCCCCCCC[N+](C)(C)Cc1cnc(C[N+](C)(C)CCCCCCCCCCCCCCCCCC)c2c1COCO2.[Cl-].[Cl-],0,binary,c1cc2c(cn1)OCOC2
CCCCCCCC[N+](C)(C)Cc1cnc(C[N+](C)(C)CCCCCCCC)c2c1COC(C)O2.[Cl-].[Cl-],0,binary,c1cc2c(cn1)OCOC2
CCCCCCCCCC[N+](C)(C)Cc1cnc(C[N+](C)(C)CCCCCCCCCC)c2c1COC(C)O2.[Cl-].[Cl-],0,binary,c1cc2c(cn1)OCOC2
CCCCCCCCCCCC[N+](C)(C)Cc1cnc(C[N+](C)(C)CCCCCCCCCCCC)c2c1COC(C)O2.[Cl-].[Cl-],1,binary,c1cc2c(cn1)OCOC2
CCCCCCCCCCCCCC[N+](C)(C)Cc1cnc(C[N+](C)(C)CCCCCCCCCCCCCC)c2c1COC(C)O2.[Cl-].[Cl-],0,binary,c1cc2c(cn1)OCOC2
CCCCCCCCCCCCCCCC[N+](C)(C)Cc1cnc(C[N+](C)(C)CCCCCCCCCCCCCCCC)c2c1COC(C)O2.[Cl-].[Cl-],0,binary,c1cc2c(cn1)OCOC2
CCCCCCCCCCCCCCCCCC[N+](C)(C)Cc1cnc(C[N+](C)(C)CCCCCCCCCCCCCCCCCC)c2c1COC(C)O2.[Cl-].[Cl-],0,binary,c1cc2c(cn1)OCOC2
CCCCCCCC[N+](C)(C)Cc1cnc(C[N+](C)(C)CCCCCCCC)c2c1COC(CC)O2.[Cl-].[Cl-],0,binary,c1cc2c(cn1)OCOC2
CCCCCCCCCC[N+](C)(C)Cc1cnc(C[N+](C)(C)CCCCCCCCCC)c2c1COC(CC)O2.[Cl-].[Cl-],0,binary,c1cc2c(cn1)OCOC2
CCCCCCCCCCCC[N+](C)(C)Cc1cnc(C[N+](C)(C)CCCCCCCCCCCC)c2c1COC(CC)O2.[Cl-].[Cl-],1,binary,c1cc2c(cn1)OCOC2
CCCCCCCCCCCCCC[N+](C)(C)Cc1cnc(C[N+](C)(C)CCCCCCCCCCCCCC)c2c1COC(CC)O2.[Cl-].[Cl-],0,binary,c1cc2c(cn1)OCOC2
CCCCCCCCCCCCCCCC[N+](C)(C)Cc1cnc(C[N+](C)(C)CCCCCCCCCCCCCCCC)c2c1COC(CC)O2.[Cl-].[Cl-],0,binary,c1cc2c(cn1)OCOC2
CCCCCCCCCCCCCCCCCC[N+](C)(C)Cc1cnc(C[N+](C)(C)CCCCCCCCCCCCCCCCCC)c2c1COC(CC)O2.[Cl-].[Cl-],0,binary,c1cc2c(cn1)OCOC2
CCCCCCCC[N+](C)(C)Cc1cnc(C[N+](C)(C)CCCCCCCC)c2c1COC(CCC)O2.[Cl-].[Cl-],0,binary,c1cc2c(cn1)OCOC2
CCCCCCCCCC[N+](C)(C)Cc1cnc(C[N+](C)(C)CCCCCCCCCC)c2c1COC(CCC)O2.[Cl-].[Cl-],0,binary,c1cc2c(cn1)OCOC2
CCCCCCCCCCCC[N+](C)(C)Cc1cnc(C[N+](C)(C)CCCCCCCCCCCC)c2c1COC(CCC)O2.[Cl-].[Cl-],0,binary,c1cc2c(cn1)OCOC2
CCCCCCCCCCCCCC[N+](C)(C)Cc1cnc(C[N+](C)(C)CCCCCCCCCCCCCC)c2c1COC(CCC)O2.[Cl-].[Cl-],0,binary,c1cc2c(cn1)OCOC2
CCCCCCCCCCCCCCCC[N+](C)(C)Cc1cnc(C[N+](C)(C)CCCCCCCCCCCCCCCC)c2c1COC(CCC)O2.[Cl-].[Cl-],0,binary,c1cc2c(cn1)OCOC2
CCCCCCCCCCCCCCCCCC[N+](C)(C)Cc1cnc(C[N+](C)(C)CCCCCCCCCCCCCCCCCC)c2c1COC(CCC)O2.[Cl-].[Cl-],0,binary,c1cc2c(cn1)OCOC2
CCCCCCCC[N+](C)(C)Cc1cnc(C[N+](C)(C)CCCCCCCC)c2c1COC(C(C)C)O2.[Cl-].[Cl-],0,binary,c1cc2c(cn1)OCOC2
CCCCCCCCCC[N+](C)(C)Cc1cnc(C[N+](C)(C)CCCCCCCCCC)c2c1COC(C(C)C)O2.[Cl-].[Cl-],0,binary,c1cc2c(cn1)OCOC2
CCCCCCCCCCCC[N+](C)(C)Cc1cnc(C[N+](C)(C)CCCCCCCCCCCC)c2c1COC(C(C)C)O2.[Cl-].[Cl-],1,binary,c1cc2c(cn1)OCOC2
CCCCCCCCCCCCCC[N+](C)(C)Cc1cnc(C[N+](C)(C)CCCCCCCCCCCCCC)c2c1COC(C(C)C)O2.[Cl-].[Cl-],0,binary,c1cc2c(cn1)OCOC2
CCCCCCCCCCCCCCCC[N+](C)(C)Cc1cnc(C[N+](C)(C)CCCCCCCCCCCCCCCC)c2c1COC(C(C)C)O2.[Cl-].[Cl-],0,binary,c1cc2c(cn1)OCOC2
CCCCCCCCCCCCCCCCCC[N+](C)(C)Cc1cnc(C[N+](C)(C)CCCCCCCCCCCCCCCCCC)c2c1COC(C(C)C)O2.[Cl-].[Cl-],0,binary,c1cc2c(cn1)OCOC2
CCCCCCCC[N+](C)(C)Cc1cnc(C[N+](C)(C)CCCCCCCC)c2c1COC(CCCC)O2.[Cl-].[Cl-],0,binary,c1cc2c(cn1)OCOC2
CCCCCCCCCC[N+](C)(C)Cc1cnc(C[N+](C)(C)CCCCCCCCCC)c2c1COC(CCCC)O2.[Cl-].[Cl-],1,binary,c1cc2c(cn1)OCOC2
CCCCCCCCCCCC[N+](C)(C)Cc1cnc(C[N+](C)(C)CCCCCCCCCCCC)c2c1COC(CCCC)O2.[Cl-].[Cl-],0,binary,c1cc2c(cn1)OCOC2
CCCCCCCCCCCCCC[N+](C)(C)Cc1cnc(C[N+](C)(C)CCCCCCCCCCCCCC)c2c1COC(CCCC)O2.[Cl-].[Cl-],0,binary,c1cc2c(cn1)OCOC2
CCCCCCCCCCCCCCCC[N+](C)(C)Cc1cnc(C[N+](C)(C)CCCCCCCCCCCCCCCC)c2c1COC(CCCC)O2.[Cl-].[Cl-],0,binary,c1cc2c(cn1)OCOC2
CCCCCCCCCCCCCCCCCC[N+](C)(C)Cc1cnc(C[N+](C)(C)CCCCCCCCCCCCCCCCCC)c2c1COC(CCCC)O2.[Cl-].[Cl-],0,binary,c1cc2c(cn1)OCOC2
CCCCCCCC[N+](C)(C)Cc1cnc(C[N+](C)(C)CCCCCCCC)c2c1COC(C(C)(C)C)O2.[Cl-].[Cl-],0,binary,c1cc2c(cn1)OCOC2
CCCCCCCCCC[N+](C)(C)Cc1cnc(C[N+](C)(C)CCCCCCCCCC)c2c1COC(C(C)(C)C)O2.[Cl-].[Cl-],1,binary,c1cc2c(cn1)OCOC2
CCCCCCCCCCCC[N+](C)(C)Cc1cnc(C[N+](C)(C)CCCCCCCCCCCC)c2c1COC(C(C)(C)C)O2.[Cl-].[Cl-],1,binary,c1cc2c(cn1)OCOC2
CCCCCCCCCCCCCC[N+](C)(C)Cc1cnc(C[N+](C)(C)CCCCCCCCCCCCCC)c2c1COC(C(C)(C)C)O2.[Cl-].[Cl-],0,binary,c1cc2c(cn1)OCOC2
CCCCCCCCCCCCCCCC[N+](C)(C)Cc1cnc(C[N+](C)(C)CCCCCCCCCCCCCCCC)c2c1COC(C(C)(C)C)O2.[Cl-].[Cl-],0,binary,c1cc2c(cn1)OCOC2
CCCCCCCCCCCCCCCCCC[N+](C)(C)Cc1cnc(C[N+](C)(C)CCCCCCCCCCCCCCCCCC)c2c1COC(C(C)(C)C)O2.[Cl-].[Cl-],0,binary,c1cc2c(cn1)OCOC2
CCCCCCCC[N+](C)(C)Cc1cnc(C[N+](C)(C)CCCCCCCC)c2c1COC(C(C)CC)O2.[Cl-].[Cl-],0,binary,c1cc2c(cn1)OCOC2
CCCCCCCCCC[N+](C)(C)Cc1cnc(C[N+](C)(C)CCCCCCCCCC)c2c1COC(C(C)CC)O2.[Cl-].[Cl-],1,binary,c1cc2c(cn1)OCOC2
CCCCCCCCCCCC[N+](C)(C)Cc1cnc(C[N+](C)(C)CCCCCCCCCCCC)c2c1COC(C(C)CC)O2.[Cl-].[Cl-],0,binary,c1cc2c(cn1)OCOC2
CCCCCCCCCCCCCC[N+](C)(C)Cc1cnc(C[N+](C)(C)CCCCCCCCCCCCCC)c2c1COC(C(C)CC)O2.[Cl-].[Cl-],0,binary,c1cc2c(cn1)OCOC2
CCCCCCCCCCCCCCCC[N+](C)(C)Cc1cnc(C[N+](C)(C)CCCCCCCCCCCCCCCC)c2c1COC(C(C)CC)O2.[Cl-].[Cl-],0,binary,c1cc2c(cn1)OCOC2
CCCCCCCCCCCCCCCCCC[N+](C)(C)Cc1cnc(C[N+](C)(C)CCCCCCCCCCCCCCCCCC)c2c1COC(C(C)CC)O2.[Cl-].[Cl-],0,binary,c1cc2c(cn1)OCOC2
CCCCCCCC[N+](C)(C)Cc1cnc(C[N+](C)(C)CCCCCCCC)c2c1COC(CCCCC)O2.[Cl-].[Cl-],0,binary,c1cc2c(cn1)OCOC2
CCCCCCCCCC[N+](C)(C)Cc1cnc(C[N+](C)(C)CCCCCCCCCC)c2c1COC(CCCCC)O2.[Cl-].[Cl-],1,binary,c1cc2c(cn1)OCOC2
CCCCCCCCCCCC[N+](C)(C)Cc1cnc(C[N+](C)(C)CCCCCCCCCCCC)c2c1COC(CCCCC)O2.[Cl-].[Cl-],0,binary,c1cc2c(cn1)OCOC2
CCCCCCCCCCCCCC[N+](C)(C)Cc1cnc(C[N+](C)(C)CCCCCCCCCCCCCC)c2c1COC(CCCCC)O2.[Cl-].[Cl-],0,binary,c1cc2c(cn1)OCOC2
CCCCCCCCCCCCCCCC[N+](C)(C)Cc1cnc(C[N+](C)(C)CCCCCCCCCCCCCCCC)c2c1COC(CCCCC)O2.[Cl-].[Cl-],0,binary,c1cc2c(cn1)OCOC2
CCCCCCCCCCCCCCCCCC[N+](C)(C)Cc1cnc(C[N+](C)(C)CCCCCCCCCCCCCCCCCC)c2c1COC(CCCCC)O2.[Cl-].[Cl-],0,binary,c1cc2c(cn1)OCOC2
CCCCCCCC[N+](C)(C)Cc1cnc(C[N+](C)(C)CCCCCCCC)c2c1COC(C(C)CCC)O2.[Cl-].[Cl-],0,binary,c1cc2c(cn1)OCOC2
CCCCCCCCCC[N+](C)(C)Cc1cnc(C[N+](C)(C)CCCCCCCCCC)c2c1COC(C(C)CCC)O2.[Cl-].[Cl-],1,binary,c1cc2c(cn1)OCOC2
CCCCCCCCCCCC[N+](C)(C)Cc1cnc(C[N+](C)(C)CCCCCCCCCCCC)c2c1COC(C(C)CCC)O2.[Cl-].[Cl-],0,binary,c1cc2c(cn1)OCOC2
CCCCCCCCCCCCCC[N+](C)(C)Cc1cnc(C[N+](C)(C)CCCCCCCCCCCCCC)c2c1COC(C(C)CCC)O2.[Cl-].[Cl-],0,binary,c1cc2c(cn1)OCOC2
CCCCCCCCCCCCCCCC[N+](C)(C)Cc1cnc(C[N+](C)(C)CCCCCCCCCCCCCCCC)c2c1COC(C(C)CCC)O2.[Cl-].[Cl-],0,binary,c1cc2c(cn1)OCOC2
CCCCCCCCCCCCCCCCCC[N+](C)(C)Cc1cnc(C[N+](C)(C)CCCCCCCCCCCCCCCCCC)c2c1COC(C(C)CCC)O2.[Cl-].[Cl-],0,binary,c1cc2c(cn1)OCOC2
CCCCCCCC[N+](C)(C)Cc1cnc(C[N+](C)(C)CCCCCCCC)c2c1COC(C(CC)CC)O2.[Cl-].[Cl-],0,binary,c1cc2c(cn1)OCOC2
CCCCCCCCCC[N+](C)(C)Cc1cnc(C[N+](C)(C)CCCCCCCCCC)c2c1COC(C(CC)CC)O2.[Cl-].[Cl-],1,binary,c1cc2c(cn1)OCOC2
CCCCCCCCCCCC[N+](C)(C)Cc1cnc(C[N+](C)(C)CCCCCCCCCCCC)c2c1COC(C(CC)CC)O2.[Cl-].[Cl-],0,binary,c1cc2c(cn1)OCOC2
CCCCCCCCCCCCCC[N+](C)(C)Cc1cnc(C[N+](C)(C)CCCCCCCCCCCCCC)c2c1COC(C(CC)CC)O2.[Cl-].[Cl-],0,binary,c1cc2c(cn1)OCOC2
CCCCCCCCCCCCCCCC[N+](C)(C)Cc1cnc(C[N+](C)(C)CCCCCCCCCCCCCCCC)c2c1COC(C(CC)CC)O2.[Cl-].[Cl-],0,binary,c1cc2c(cn1)OCOC2
CCCCCCCCCCCCCCCCCC[N+](C)(C)Cc1cnc(C[N+](C)(C)CCCCCCCCCCCCCCCCCC)c2c1COC(C(CC)CC)O2.[Cl-].[Cl-],0,binary,c1cc2c(cn1)OCOC2
CCCCCCCC[N+](C)(C)Cc1cnc(C[N+](C)(C)CCCCCCCC)c2c1COC(CCCCCC)O2.[Cl-].[Cl-],0,binary,c1cc2c(cn1)OCOC2
CCCCCCCCCC[N+](C)(C)Cc1cnc(C[N+](C)(C)CCCCCCCCCC)c2c1COC(CCCCCC)O2.[Cl-].[Cl-],1,binary,c1cc2c(cn1)OCOC2
CCCCCCCCCCCC[N+](C)(C)Cc1cnc(C[N+](C)(C)CCCCCCCCCCCC)c2c1COC(CCCCCC)O2.[Cl-].[Cl-],0,binary,c1cc2c(cn1)OCOC2
CCCCCCCCCCCCCC[N+](C)(C)Cc1cnc(C[N+](C)(C)CCCCCCCCCCCCCC)c2c1COC(CCCCCC)O2.[Cl-].[Cl-],0,binary,c1cc2c(cn1)OCOC2
CCCCCCCCCCCCCCCC[N+](C)(C)Cc1cnc(C[N+](C)(C)CCCCCCCCCCCCCCCC)c2c1COC(CCCCCC)O2.[Cl-].[Cl-],0,binary,c1cc2c(cn1)OCOC2
CCCCCCCCCCCCCCCCCC[N+](C)(C)Cc1cnc(C[N+](C)(C)CCCCCCCCCCCCCCCCCC)c2c1COC(CCCCCC)O2.[Cl-].[Cl-],0,binary,c1cc2c(cn1)OCOC2
CCCCCCCC[N+](C)(C)Cc1cnc(C[N+](C)(C)CCCCCCCC)c2c1COC(CCCCCCC)O2.[Cl-].[Cl-],0,binary,c1cc2c(cn1)OCOC2
CCCCCCCCCC[N+](C)(C)Cc1cnc(C[N+](C)(C)CCCCCCCCCC)c2c1COC(CCCCCCC)O2.[Cl-].[Cl-],0,binary,c1cc2c(cn1)OCOC2
CCCCCCCCCCCC[N+](C)(C)Cc1cnc(C[N+](C)(C)CCCCCCCCCCCC)c2c1COC(CCCCCCC)O2.[Cl-].[Cl-],0,binary,c1cc2c(cn1)OCOC2
CCCCCCCCCCCCCC[N+](C)(C)Cc1cnc(C[N+](C)(C)CCCCCCCCCCCCCC)c2c1COC(CCCCCCC)O2.[Cl-].[Cl-],0,binary,c1cc2c(cn1)OCOC2
CCCCCCCCCCCCCCCC[N+](C)(C)Cc1cnc(C[N+](C)(C)CCCCCCCCCCCCCCCC)c2c1COC(CCCCCCC)O2.[Cl-].[Cl-],0,binary,c1cc2c(cn1)OCOC2
CCCCCCCCCCCCCCCCCC[N+](C)(C)Cc1cnc(C[N+](C)(C)CCCCCCCCCCCCCCCCCC)c2c1COC(CCCCCCC)O2.[Cl-].[Cl-],0,binary,c1cc2c(cn1)OCOC2
CCCCCCCC[N+](C)(C)Cc1cnc(C[N+](C)(C)CCCCCCCC)c2c1COC(C(CC)CCCC)O2.[Cl-].[Cl-],0,binary,c1cc2c(cn1)OCOC2
CCCCCCCCCC[N+](C)(C)Cc1cnc(C[N+](C)(C)CCCCCCCCCC)c2c1COC(C(CC)CCCC)O2.[Cl-].[Cl-],1,binary,c1cc2c(cn1)OCOC2
CCCCCCCCCCCC[N+](C)(C)Cc1cnc(C[N+](C)(C)CCCCCCCCCCCC)c2c1COC(C(CC)CCCC)O2.[Cl-].[Cl-],0,binary,c1cc2c(cn1)OCOC2
CCCCCCCCCCCCCC[N+](C)(C)Cc1cnc(C[N+](C)(C)CCCCCCCCCCCCCC)c2c1COC(C(CC)CCCC)O2.[Cl-].[Cl-],0,binary,c1cc2c(cn1)OCOC2
CCCCCCCCCCCCCCCC[N+](C)(C)Cc1cnc(C[N+](C)(C)CCCCCCCCCCCCCCCC)c2c1COC(C(CC)CCCC)O2.[Cl-].[Cl-],0,binary,c1cc2c(cn1)OCOC2
CCCCCCCCCCCCCCCCCC[N+](C)(C)Cc1cnc(C[N+](C)(C)CCCCCCCCCCCCCCCCCC)c2c1COC(C(CC)CCCC)O2.[Cl-].[Cl-],0,binary,c1cc2c(cn1)OCOC2
CCCCCCCCC1OCc2c(C[N+](C)(C)CCCCCCCC)cnc(C[N+](C)(C)CCCCCCCC)c2O1.[Cl-].[Cl-],1,binary,c1cc2c(cn1)OCOC2
CCCCCCCCCC[N+](C)(C)Cc1cnc(C[N+](C)(C)CCCCCCCCCC)c2c1COC(CCCCCCCC)O2.[Cl-].[Cl-],0,binary,c1cc2c(cn1)OCOC2
CCCCCCCCCCCC[N+](C)(C)Cc1cnc(C[N+](C)(C)CCCCCCCCCCCC)c2c1COC(CCCCCCCC)O2.[Cl-].[Cl-],0,binary,c1cc2c(cn1)OCOC2
CCCCCCCCCCCCCC[N+](C)(C)Cc1cnc(C[N+](C)(C)CCCCCCCCCCCCCC)c2c1COC(CCCCCCCC)O2.[Cl-].[Cl-],0,binary,c1cc2c(cn1)OCOC2
CCCCCCCCCCCCCCCC[N+](C)(C)Cc1cnc(C[N+](C)(C)CCCCCCCCCCCCCCCC)c2c1COC(CCCCCCCC)O2.[Cl-].[Cl-],0,binary,c1cc2c(cn1)OCOC2
CCCCCCCCCCCCCCCCCC[N+](C)(C)Cc1cnc(C[N+](C)(C)CCCCCCCCCCCCCCCCCC)c2c1COC(CCCCCCCC)O2.[Cl-].[Cl-],0,binary,c1cc2c(cn1)OCOC2
CCCCCCCCCC(C)C1OCc2c(C[N+](C)(C)CCCCCCCC)cnc(C[N+](C)(C)CCCCCCCC)c2O1.[Cl-].[Cl-],1,binary,c1cc2c(cn1)OCOC2
CCCCCCCCCC[N+](C)(C)Cc1cnc(C[N+](C)(C)CCCCCCCCCC)c2c1COC(C(C)CCCCCCCCC)O2.[Cl-].[Cl-],0,binary,c1cc2c(cn1)OCOC2
CCCCCCCCCCCC[N+](C)(C)Cc1cnc(C[N+](C)(C)CCCCCCCCCCCC)c2c1COC(C(C)CCCCCCCCC)O2.[Cl-].[Cl-],0,binary,c1cc2c(cn1)OCOC2
CCCCCCCCCCCCCC[N+](C)(C)Cc1cnc(C[N+](C)(C)CCCCCCCCCCCCCC)c2c1COC(C(C)CCCCCCCCC)O2.[Cl-].[Cl-],0,binary,c1cc2c(cn1)OCOC2
CCCCCCCCCCCCCCCC[N+](C)(C)Cc1cnc(C[N+](C)(C)CCCCCCCCCCCCCCCC)c2c1COC(C(C)CCCCCCCCC)O2.[Cl-].[Cl-],0,binary,c1cc2c(cn1)OCOC2
CCCCCCCCCCCCCCCCCC[N+](C)(C)Cc1cnc(C[N+](C)(C)CCCCCCCCCCCCCCCCCC)c2c1COC(C(C)CCCCCCCCC)O2.[Cl-].[Cl-],0,binary,c1cc2c(cn1)OCOC2
CCCCCCCCC1(C)OCc2c(C[N+](C)(C)CCCCCCCC)cnc(C[N+](C)(C)CCCCCCCC)c2O1.[Cl-].[Cl-],1,binary,c1cc2c(cn1)OCOC2
CCCCCCCCCC[N+](C)(C)Cc1cnc(C[N+](C)(C)CCCCCCCCCC)c2c1COC(C)(CCCCCCCC)O2.[Cl-].[Cl-],0,binary,c1cc2c(cn1)OCOC2
CCCCCCCCCCCC[N+](C)(C)Cc1cnc(C[N+](C)(C)CCCCCCCCCCCC)c2c1COC(C)(CCCCCCCC)O2.[Cl-].[Cl-],0,binary,c1cc2c(cn1)OCOC2
CCCCCCCCCCCCCC[N+](C)(C)Cc1cnc(C[N+](C)(C)CCCCCCCCCCCCCC)c2c1COC(C)(CCCCCCCC)O2.[Cl-].[Cl-],0,binary,c1cc2c(cn1)OCOC2
CCCCCCCCCCCCCCCC[N+](C)(C)Cc1cnc(C[N+](C)(C)CCCCCCCCCCCCCCCC)c2c1COC(C)(CCCCCCCC)O2.[Cl-].[Cl-],0,binary,c1cc2c(cn1)OCOC2
CCCCCCCCCCCCCCCCCC[N+](C)(C)Cc1cnc(C[N+](C)(C)CCCCCCCCCCCCCCCCCC)c2c1COC(C)(CCCCCCCC)O2.[Cl-].[Cl-],0,binary,c1cc2c(cn1)OCOC2
CCCCCCCC[N+](C)(C)Cc1cnc(C[N+](C)(C)CCCCCCCC)c2c1COC1(CCCCC1)O2.[Cl-].[Cl-],0,binary,c1cc2c(cn1)OC1(CCCCC1)OC2
CCCCCCCCCC[N+](C)(C)Cc1cnc(C[N+](C)(C)CCCCCCCCCC)c2c1COC1(CCCCC1)O2.[Cl-].[Cl-],1,binary,c1cc2c(cn1)OC1(CCCCC1)OC2
CCCCCCCCCCCC[N+](C)(C)Cc1cnc(C[N+](C)(C)CCCCCCCCCCCC)c2c1COC1(CCCCC1)O2.[Cl-].[Cl-],0,binary,c1cc2c(cn1)OC1(CCCCC1)OC2
CCCCCCCCCCCCCC[N+](C)(C)Cc1cnc(C[N+](C)(C)CCCCCCCCCCCCCC)c2c1COC1(CCCCC1)O2.[Cl-].[Cl-],0,binary,c1cc2c(cn1)OC1(CCCCC1)OC2
CCCCCCCCCCCCCCCC[N+](C)(C)Cc1cnc(C[N+](C)(C)CCCCCCCCCCCCCCCC)c2c1COC1(CCCCC1)O2.[Cl-].[Cl-],0,binary,c1cc2c(cn1)OC1(CCCCC1)OC2
CCCCCCCCCCCCCCCCCC[N+](C)(C)Cc1cnc(C[N+](C)(C)CCCCCCCCCCCCCCCCCC)c2c1COC1(CCCCC1)O2.[Cl-].[Cl-],0,binary,c1cc2c(cn1)OC1(CCCCC1)OC2
C=CC1C[N+]2(CCCCCCCCCC)CCC1C[C@H]2[C@@H](O)c1ccnc2ccc(OC)cc12.[Br-],0,binary,c1ccc2c(CC3CC4CC[NH+]3CC4)ccnc2c1
C=CC1C[N+]2(CCCCCCCCCCC)CCC1C[C@H]2[C@@H](O)c1ccnc2ccc(OC)cc12.[Br-],0,binary,c1ccc2c(CC3CC4CC[NH+]3CC4)ccnc2c1
C=CC1C[N+]2(CCCCCCCCCCCC)CCC1C[C@H]2[C@@H](O)c1ccnc2ccc(OC)cc12.[Br-],0,binary,c1ccc2c(CC3CC4CC[NH+]3CC4)ccnc2c1
C=CC1C[N+]2(CCCCCCCCCCCCCC)CCC1C[C@H]2[C@@H](O)c1ccnc2ccc(OC)cc12.[Br-],1,binary,c1ccc2c(CC3CC4CC[NH+]3CC4)ccnc2c1
C=CC1C[N+]2(CCCCCCCCCCCCCCCC)CCC1C[C@H]2[C@@H](O)c1ccnc2ccc(OC)cc12.[Br-],1,binary,c1ccc2c(CC3CC4CC[NH+]3CC4)ccnc2c1
C=CC1C[N+]2(CCCCCCCCCCCCCCCCCC)CCC1C[C@H]2[C@@H](O)c1ccnc2ccc(OC)cc12.[Br-],0,binary,c1ccc2c(CC3CC4CC[NH+]3CC4)ccnc2c1
C=CC1C[N+]2(C)CCC1C[C@H]2[C@@H](O)c1cc[n+](C)c2ccc(OC)cc12.[Br-].[I-],0,binary,c1ccc2c(CC3CC4CC[NH+]3CC4)cc[nH+]c2c1
C=CC1C[N+]2(CCCCCCCCCC)CCC1C[C@H]2[C@@H](O)c1cc[n+](C)c2ccc(OC)cc12.[Br-].[I-],0,binary,c1ccc2c(CC3CC4CC[NH+]3CC4)cc[nH+]c2c1
C=CC1C[N+]2(CCCCCCCCCCC)CCC1C[C@H]2[C@@H](O)c1cc[n+](C)c2ccc(OC)cc12.[Br-].[I-],0,binary,c1ccc2c(CC3CC4CC[NH+]3CC4)cc[nH+]c2c1
C=CC1C[N+]2(CCCCCCCCCCCC)CCC1C[C@H]2[C@@H](O)c1cc[n+](C)c2ccc(OC)cc12.[Br-].[I-],0,binary,c1ccc2c(CC3CC4CC[NH+]3CC4)cc[nH+]c2c1
C=CC1C[N+]2(CCCCCCCCCCCCCC)CCC1C[C@H]2[C@@H](O)c1cc[n+](C)c2ccc(OC)cc12.[Br-].[I-],1,binary,c1ccc2c(CC3CC4CC[NH+]3CC4)cc[nH+]c2c1
C=CC1C[N+]2(CCCCCCCCCCCCCCCC)CCC1C[C@H]2[C@@H](O)c1cc[n+](C)c2ccc(OC)cc12.[Br-].[I-],1,binary,c1ccc2c(CC3CC4CC[NH+]3CC4)cc[nH+]c2c1
C=CC1C[N+]2(CCCCCCCCCCCCCCCCCC)CCC1C[C@H]2[C@@H](O)c1cc[n+](C)c2ccc(OC)cc12.[Br-].[I-],1,binary,c1ccc2c(CC3CC4CC[NH+]3CC4)cc[nH+]c2c1
C[n+]1cccc([C@@H]2CCC[N+]2(C)C)c1.[Br-].[I-],0,binary,c1c[nH+]cc(C2CCC[NH2+]2)c1
CCCCCCCC[N+](C)(C)CCN(C)C.[Br-],0,binary,acyclic
CCCCCCCCCCCC[N+](C)(C)CC[N+](C)(C)CCCCCCCC.[Br-].[Br-],1,binary,acyclic
CCCCCCOC(=O)C[N+](C)(C)Cc1ccccc1.[Br-],0,binary,c1ccccc1
CCCCCCCOC(=O)C[N+](C)(C)Cc1ccccc1.[Br-],0,binary,c1ccccc1
CCCCCCCCOC(=O)C[N+](C)(C)Cc1ccccc1.[Br-],0,binary,c1ccccc1
CCCCCCCCCOC(=O)C[N+](C)(C)Cc1ccccc1.[Br-],0,binary,c1ccccc1
CCCCCCCCCCOC(=O)C[N+](C)(C)Cc1ccccc1.[Br-],0,binary,c1ccccc1
CCCCCCOC(=O)C[N+](C)(C)CC[N+](C)(C)CC(=O)OCCCCCC.[Br-].[Br-],0,binary,acyclic
CCCCCCCOC(=O)C[N+](C)(C)CC[N+](C)(C)CC(=O)OCCCCCCC.[Br-].[Br-],0,binary,acyclic
CCCCCCCCCCCCCCOC(=O)C[N+](C)(C)CC[N+](C)(C)CC(=O)OCCCCCCCCCCCCCC.[Br-].[Br-],0,binary,acyclic
CCCCCCCCCCNC(=O)C[N+](C)(C)CC[N+](C)(C)CC(=O)NCCCCCCCCCC.[Br-].[Br-],1,binary,acyclic
CCCCCCOC(=O)C[N+](C)(C)CCN1CC[N+](C)(CC(=O)OCCCCCC)CC1.[Br-].[Br-],0,binary,C1C[NH2+]CCN1
CCCCCCCOC(=O)C[N+](C)(C)CCN1CC[N+](C)(CC(=O)OCCCCCCC)CC1.[Br-].[Br-],0,binary,C1C[NH2+]CCN1
CCCCCCCCOC(=O)C[N+](C)(C)CCN1CC[N+](C)(CC(=O)OCCCCCCCC)CC1.[Br-].[Br-],0,binary,C1C[NH2+]CCN1
CCCCCCCCCCCCCCOC(=O)C[N+](C)(C)CCN1CC[N+](C)(CC(=O)OCCCCCCCCCCCCCC)CC1.[Br-].[Br-],0,binary,C1C[NH2+]CCN1
CCCCCCOC(=O)C[N+](C)(C)CCC[N+](C)(CCC[N+](C)(C)CC(=O)OCCCCCC)CC(=O)OCCCCCC.[Br-].[Br-].[Br-],0,binary,acyclic
CCCCCCOC(=O)C[N+](C)(C)CCCN(CCC[N+](C)(C)CC(=O)OCCCCCC)CCC[N+](C)(C)CC(=O)OCCCCCC.[Br-].[Br-].[Br-],0,binary,acyclic
CCCCCCCOC(=O)C[N+](C)(C)CCCN(CCC[N+](C)(C)CC(=O)OCCCCCCC)CCC[N+](C)(C)CC(=O)OCCCCCCC.[Br-].[Br-].[Br-],0,binary,acyclic
CCCCCCCCCCCCOC(=O)C[N+](C)(C)CCCN(CCC[N+](C)(C)CC(=O)OCCCCCCCCCCCC)CCC[N+](C)(C)CC(=O)OCCCCCCCCCCCC.[Br-].[Br-].[Br-],0,binary,acyclic
C[n+]1ccc(-c2cc[n+](C)cc2)cc1.[I-].[I-],0,binary,c1cc(-c2cc[nH+]cc2)cc[nH+]1
CCCCCCCC[n+]1ccc(-c2cc[n+](CCCCCCCC)cc2)cc1.[Br-].[Br-],0,binary,c1cc(-c2cc[nH+]cc2)cc[nH+]1
CCCCCCCCCCCCCC[n+]1ccc(-c2cc[n+](CCCCCCCCCCCCCC)cc2)cc1.[Br-].[Br-],0,binary,c1cc(-c2cc[nH+]cc2)cc[nH+]1
CCCCCCCCCCCCCCCC[n+]1ccc(-c2cc[n+](CCCCCCCCCCCCCCCC)cc2)cc1.[Br-].[Br-],0,binary,c1cc(-c2cc[nH+]cc2)cc[nH+]1
CCCCCCCCCCCCCCCCCC[n+]1ccc(-c2cc[n+](CCCCCCCCCCCCCCCCCC)cc2)cc1.[Br-].[Br-],0,binary,c1cc(-c2cc[nH+]cc2)cc[nH+]1
CCCCCCCCCCCC[n+]1ccc(-c2ccncc2)cc1.[Br-],0,binary,c1cc(-c2cc[nH+]cc2)ccn1
CCCCCCCCCCCC[n+]1ccc(-c2cc[n+](CC)cc2)cc1.[Br-].[Br-],0,binary,c1cc(-c2cc[nH+]cc2)cc[nH+]1
CCCCCCCCCCCCCC[n+]1ccc(-c2ccncc2)cc1.[Br-],0,binary,c1cc(-c2cc[nH+]cc2)ccn1
CCCCCCCCCCCCCCCC[n+]1ccc(-c2ccncc2)cc1.[Br-],0,binary,c1cc(-c2cc[nH+]cc2)ccn1
CCCCCCCCCCCCCCCCCC[n+]1ccc(-c2ccncc2)cc1.[Br-],0,binary,c1cc(-c2cc[nH+]cc2)ccn1
CCCCCCCCCCCCCCCCCCCC[n+]1ccc(-c2ccncc2)cc1.[Br-],0,binary,c1cc(-c2cc[nH+]cc2)ccn1
CCCCCCCCCCCCCCCCCCCC[n+]1ccc(-c2cc[n+](C)cc2)cc1.[Br-].[I-],0,binary,c1cc(-c2cc[nH+]cc2)cc[nH+]1
CCCCCCCCCCCCCCCC[n+]1ccc(-c2cc[n+](CCCCCCCCCCCCCCCC)cc2)cc1.[Cl-].[Cl-],0,binary,c1cc(-c2cc[nH+]cc2)cc[nH+]1
CCCCCCCCCCCCCCCC[n+]1ccc(-c2cc[n+](CCCCCCCCCCCCCCCC)cc2)cc1.[I-].[I-],0,binary,c1cc(-c2cc[nH+]cc2)cc[nH+]1
CCCCCCCCCCCCCCCCCCCC[n+]1ccc(-c2cc[n+](CC)cc2)cc1.[Br-].[Br-],0,binary,c1cc(-c2cc[nH+]cc2)cc[nH+]1
CCCCCCCC[n+]1cccc(-c2ccc[n+](CCCCCCCC)c2)c1.[Br-].[Br-],0,binary,c1c[nH+]cc(-c2ccc[nH+]c2)c1
CCCCCCCCCCCC[n+]1cccc(-c2cccnc2)c1.[Br-],0,binary,c1cncc(-c2ccc[nH+]c2)c1
CCCCCCCCCCCC[n+]1cccc(-c2ccc[n+](C)c2)c1.[Br-].[I-],0,binary,c1c[nH+]cc(-c2ccc[nH+]c2)c1
CCCCCCCC[n+]1ccc(-c2ccc[n+](CCCCCCCC)c2)cc1.[Br-].[Br-],0,binary,c1c[nH+]cc(-c2cc[nH+]cc2)c1
C[N+](C)(C)CCO.[Br-],0,binary,acyclic
CCCCCCCCCCCC(=O)OCC[N+](C)(C)C.[Br-],0,binary,acyclic
CC[N+](CC)(CC)CCO.[Br-],0,binary,acyclic
CCCCCCCCCCCCCCCC(=O)NCC[N+](CC)(CC)CC.[Cl-],0,binary,acyclic
CC(=O)OC[n+]1ccccc1.[Cl-],0,binary,c1cc[nH+]cc1
CCCCCCCCCCCC(=O)OC[n+]1ccccc1.[Cl-],0,binary,c1cc[nH+]cc1
OCC[n+]1ccccc1.[Br-],0,binary,c1cc[nH+]cc1
CCCCCCCCCCCC(=O)OCC[n+]1ccccc1.[Br-],0,binary,c1cc[nH+]cc1
CCCCCCCC(=O)OCC[n+]1ccccc1.[Br-],0,binary,c1cc[nH+]cc1
CCCCCCCCCCCCCCCC(=O)OCC[n+]1ccccc1.[Br-],0,binary,c1cc[nH+]cc1
CCCCCCCCCCCCCCCCCCCC(=O)OCC[n+]1ccccc1.[Br-],0,binary,c1cc[nH+]cc1
CCCCCCCC/C=C/CCCCCCCC(=O)OCC[n+]1ccccc1.[Br-],0,binary,c1cc[nH+]cc1
CCCCCCCCCCCCCCCC(=O)NCC[n+]1ccccc1.[Cl-],0,binary,c1cc[nH+]cc1
OCCC[n+]1ccccc1.[Cl-],0,binary,c1cc[nH+]cc1
O=C(O)C[n+]1ccccc1.[Cl-],0,binary,c1cc[nH+]cc1
CCOC(=O)C[n+]1ccccc1.[Cl-],0,binary,c1cc[nH+]cc1
CCCCCCOC(=O)C[n+]1ccccc1.[Cl-],0,binary,c1cc[nH+]cc1
CCCCCCCCCCCCCCCCOC(=O)C[n+]1ccccc1.[Cl-],0,binary,c1cc[nH+]cc1
CCCCCCCCCCCCCCCCCCOC(=O)C[n+]1ccccc1.[Cl-],0,binary,c1cc[nH+]cc1
O=C(O)CC[n+]1ccccc1.[Cl-],0,binary,c1cc[nH+]cc1
CCCCCCCCCCCCCCCCOC(=O)CC[n+]1ccccc1.[Cl-],0,binary,c1cc[nH+]cc1
CCOC(=O)C(C)[n+]1ccccc1.[Cl-],0,binary,c1cc[nH+]cc1
CCCC[N+](CCC)(CCO)CCCC.[Br-],0,binary,acyclic
O=c1[nH]c2ccccc2n2c(-c3ccc[n+](Cc4ccccc4)c3)nc(-c3ccccc3)c12.[Cl-],0,binary,O=c1[nH]c2ccccc2n2c(-c3ccc[n+](Cc4ccccc4)c3)nc(-c3ccccc3)c12
Cn1c(=O)c2c(-c3ccccc3)nc(-c3ccc[n+](Cc4ccccc4)c3)n2c2ccccc21.[Cl-],0,binary,O=c1[nH]c2ccccc2n2c(-c3ccc[n+](Cc4ccccc4)c3)nc(-c3ccccc3)c12
CCCn1c(=O)c2c(-c3ccccc3)nc(-c3ccc[n+](Cc4ccccc4)c3)n2c2ccccc21.[Cl-],0,binary,O=c1[nH]c2ccccc2n2c(-c3ccc[n+](Cc4ccccc4)c3)nc(-c3ccccc3)c12
CCCCCCn1c(=O)c2c(-c3ccccc3)nc(-c3ccc[n+](Cc4ccccc4)c3)n2c2ccccc21.[Cl-],0,binary,O=c1[nH]c2ccccc2n2c(-c3ccc[n+](Cc4ccccc4)c3)nc(-c3ccccc3)c12
CCCCCCCCCn1c(=O)c2c(-c3ccccc3)nc(-c3ccc[n+](Cc4ccccc4)c3)n2c2ccccc21.[Cl-],0,binary,O=c1[nH]c2ccccc2n2c(-c3ccc[n+](Cc4ccccc4)c3)nc(-c3ccccc3)c12
CCCCCCCCCCCCCCCCCCn1c(=O)c2c(-c3ccccc3)nc(-c3ccc[n+](Cc4ccccc4)c3)n2c2ccccc21.[Cl-],0,binary,O=c1[nH]c2ccccc2n2c(-c3ccc[n+](Cc4ccccc4)c3)nc(-c3ccccc3)c12
Cc1nc(-c2ccc[n+](Cc3ccccc3)c2)n2c1c(=O)[nH]c1ccccc12.[Cl-],0,binary,O=c1[nH]c2ccccc2n2c(-c3ccc[n+](Cc4ccccc4)c3)ncc12
CCCCCC[n+]1cccc(-c2nc(-c3ccccc3)c3c(=O)[nH]c4ccccc4n23)c1.[Br-],0,binary,O=c1[nH]c2ccccc2n2c(-c3ccc[nH+]c3)nc(-c3ccccc3)c12
CCCCCCCCC[n+]1cccc(-c2nc(-c3ccccc3)c3c(=O)n(CCCCCC)c4ccccc4n23)c1.[Br-],0,binary,O=c1[nH]c2ccccc2n2c(-c3ccc[nH+]c3)nc(-c3ccccc3)c12
CCCCCCCCCn1c(=O)c2c(-c3ccccc3)nc(-c3ccc[n+](CCCCCCCCC)c3)n2c2ccccc21.[Br-],0,binary,O=c1[nH]c2ccccc2n2c(-c3ccc[nH+]c3)nc(-c3ccccc3)c12
CCCC[n+]1cccc(-c2nc(-c3ccccc3)c3c(=O)[nH]c4ccccc4n23)c1.[I-],0,binary,O=c1[nH]c2ccccc2n2c(-c3ccc[nH+]c3)nc(-c3ccccc3)c12
CCCCCCn1c(=O)c2c(-c3ccccc3)nc(-c3ccc[n+](CCCCCC)c3)n2c2ccccc21.[I-],0,binary,O=c1[nH]c2ccccc2n2c(-c3ccc[nH+]c3)nc(-c3ccccc3)c12
CCCCCCCCCn1c(=O)c2c(-c3ccccc3)nc(-c3ccc[n+](CCCCCC)c3)n2c2ccccc21.[I-],0,binary,O=c1[nH]c2ccccc2n2c(-c3ccc[nH+]c3)nc(-c3ccccc3)c12
CCCCCCCCC[n+]1cccc(-c2nc(-c3ccccc3)c3c(=O)n(CCCCCC)c4ccccc4n23)c1.[I-],0,binary,O=c1[nH]c2ccccc2n2c(-c3ccc[nH+]c3)nc(-c3ccccc3)c12
CCCCCCCCCn1c(=O)c2c(-c3ccccc3)nc(-c3ccc[n+](CCCCCCCCC)c3)n2c2ccccc21.[I-],0,binary,O=c1[nH]c2ccccc2n2c(-c3ccc[nH+]c3)nc(-c3ccccc3)c12
O=c1[nH]c2ccccc2n2c(-c3ccc[n+](CCCC[n+]4cccc(-c5nc(-c6ccccc6)c6c(=O)[nH]c7ccccc7n56)c4)c3)nc(-c3ccccc3)c12.[Br-].[Br-],0,binary,O=c1[nH]c2ccccc2n2c(-c3ccc[n+](CCCC[n+]4cccc(-c5nc(-c6ccccc6)c6c(=O)[nH]c7ccccc7n56)c4)c3)nc(-c3ccccc3)c12
O=c1[nH]c2ccccc2n2c(-c3ccc[n+](CCCCCC[n+]4cccc(-c5nc(-c6ccccc6)c6c(=O)[nH]c7ccccc7n56)c4)c3)nc(-c3ccccc3)c12.[Br-].[Br-],0,binary,O=c1[nH]c2ccccc2n2c(-c3ccc[n+](CCCCCC[n+]4cccc(-c5nc(-c6ccccc6)c6c(=O)[nH]c7ccccc7n56)c4)c3)nc(-c3ccccc3)c12
CCCCCCn1c(=O)c2c(-c3ccccc3)nc(-c3ccc[n+](Cc4cccc(C[n+]5cccc(-c6nc(-c7ccccc7)c7c(=O)n(CCCCCC)c8ccccc8n67)c5)c4)c3)n2c2ccccc21.[Br-].[Br-],0,binary,O=c1[nH]c2ccccc2n2c(-c3ccc[n+](Cc4cccc(C[n+]5cccc(-c6nc(-c7ccccc7)c7c(=O)[nH]c8ccccc8n67)c5)c4)c3)nc(-c3ccccc3)c12
CCCCCCCCCn1c(=O)c2c(-c3ccccc3)nc(-c3ccc[n+](Cc4cccc(C[n+]5cccc(-c6nc(-c7ccccc7)c7c(=O)n(CCCCCCCCC)c8ccccc8n67)c5)c4)c3)n2c2ccccc21.[Br-].[Br-],0,binary,O=c1[nH]c2ccccc2n2c(-c3ccc[n+](Cc4cccc(C[n+]5cccc(-c6nc(-c7ccccc7)c7c(=O)[nH]c8ccccc8n67)c5)c4)c3)nc(-c3ccccc3)c12
CCCCCCCCCCCC[n+]1cccc2cc(O)ccc21.[Br-],1,binary,c1ccc2[nH+]cccc2c1
CCCCCCCCCCCCCC[n+]1cccc2cc(O)ccc21.[Br-],0,binary,c1ccc2[nH+]cccc2c1
CCCCCCCCCCCCCCCC[n+]1cccc2cc(O)ccc21.[Br-],0,binary,c1ccc2[nH+]cccc2c1
CCCCCCCCCOC(=O)[C@H](Cc1ccccc1)[N+](C)(CC)CC.[I-],0,binary,c1ccccc1
CCCCCCCCCCCOC(=O)[C@H](Cc1ccccc1)[N+](C)(CC)CC.[I-],0,binary,c1ccccc1
CCCCCCCCCCCCCOC(=O)[C@H](Cc1ccccc1)[N+](C)(CC)CC.[I-],0,binary,c1ccccc1
CCCCCCCCCCCCCCCOC(=O)[C@H](Cc1ccccc1)[N+](C)(CC)CC.[I-],0,binary,c1ccccc1
CCCCCCCC[n+]1ccc(/C=N/O)cc1.[Br-],0,binary,c1cc[nH+]cc1
CCCCCCCCCC[n+]1ccc(/C=N/O)cc1.[Br-],0,binary,c1cc[nH+]cc1
CCCCCCCCCCCC[n+]1ccc(/C=N/O)cc1.[Br-],0,binary,c1cc[nH+]cc1
CCCCCCCCCCCCCC[n+]1ccc(/C=N/O)cc1.[Br-],1,binary,c1cc[nH+]cc1
CCCCCCCCCCCCCCCC[n+]1ccc(/C=N/O)cc1.[Br-],0,binary,c1cc[nH+]cc1
CCCCCCCCCCCCCCCCCC[n+]1ccc(/C=N/O)cc1.[Br-],0,binary,c1cc[nH+]cc1
CCCCCCCCCCCCCCCCCCCC[n+]1ccc(/C=N/O)cc1.[Br-],0,binary,c1cc[nH+]cc1
CCCCCCCC[N+](C)(C)Cc1c[nH+]c(C)c(OC(C)=O)c1C.[Cl-].[Cl-],0,binary,c1cc[nH+]cc1
CCCCCCCCCCCC[N+](C)(C)Cc1c[nH+]c(C)c(OC(C)=O)c1C.[Cl-].[Cl-],0,binary,c1cc[nH+]cc1
CCCCCCCCCCCCCCCCCC[N+](C)(C)Cc1c[nH+]c(C)c(OC(C)=O)c1C.[Cl-].[Cl-],0,binary,c1cc[nH+]cc1
CCCCCCCCCC[N+](CC)(CC)c1ccc(N(c2ccc(N(CC)CC)cc2)c2ccc(N(CC)CC)cc2)cc1.[I-],0,binary,c1ccc(N(c2ccccc2)c2ccccc2)cc1
CCCCCCCCCCCCCCCCCCCC[N+](CC)(CC)c1ccc(N(c2ccc(N(CC)CC)cc2)c2ccc(N(CC)CC)cc2)cc1.[Br-],0,binary,c1ccc(N(c2ccccc2)c2ccccc2)cc1
C[N+](C)(C)c1ccc(C(c2ccc([N+](C)(C)C)cc2)c2ccc([N+](C)(C)C)cc2)cc1.[I-].[I-].[I-],0,binary,c1ccc(C(c2ccccc2)c2ccccc2)cc1
CCN(CC)c1ccc(N(c2ccc([N+](C)(CC)CC)cc2)c2ccc([N+](C)(CC)CC)cc2)cc1.[I-].[I-],0,binary,c1ccc(N(c2ccccc2)c2ccccc2)cc1
CC[N+](C)(CC)c1ccc(N(c2ccc([N+](C)(CC)CC)cc2)c2ccc([N+](C)(CC)CC)cc2)cc1.[I-].[I-].[I-],0,binary,c1ccc(N(c2ccccc2)c2ccccc2)cc1
CCCCCCCCCCC[N+](C)(C)c1ccc(C(c2ccccc2)c2ccc(N(C)C)cc2)cc1.[I-],1,binary,c1ccc(C(c2ccccc2)c2ccccc2)cc1
CCCCCCCCCCCC[N+](C)(C)c1ccc(C(c2ccccc2)c2ccc(N(C)C)cc2)cc1.[I-],0,binary,c1ccc(C(c2ccccc2)c2ccccc2)cc1
C[n+]1c2ccccc2c(Nc2ccccc2)c2oc3ccccc3c21.[I-],0,binary,c1ccc(Nc2c3ccccc3[nH+]c3c2oc2ccccc23)cc1
Cc1ccccc1Nc1c2ccccc2[n+](C)c2c1oc1ccccc12.[I-],0,binary,c1ccc(Nc2c3ccccc3[nH+]c3c2oc2ccccc23)cc1
Cc1ccc(Nc2c3ccccc3[n+](C)c3c2oc2ccccc23)cc1.[I-],0,binary,c1ccc(Nc2c3ccccc3[nH+]c3c2oc2ccccc23)cc1
CCc1ccc(Nc2c3ccccc3[n+](C)c3c2oc2ccccc23)cc1.[I-],0,binary,c1ccc(Nc2c3ccccc3[nH+]c3c2oc2ccccc23)cc1
C[n+]1c2ccccc2c(Nc2ccc(Cl)cc2)c2oc3ccccc3c21.[I-],0,binary,c1ccc(Nc2c3ccccc3[nH+]c3c2oc2ccccc23)cc1
CCOc1ccccc1Nc1c2ccccc2[n+](C)c2c1oc1ccccc12.[I-],0,binary,c1ccc(Nc2c3ccccc3[nH+]c3c2oc2ccccc23)cc1
CCOc1ccc(Nc2c3ccccc3[n+](C)c3c2oc2ccccc23)cc1.[I-],0,binary,c1ccc(Nc2c3ccccc3[nH+]c3c2oc2ccccc23)cc1
C[n+]1c2ccccc2c(Nc2cccc(F)c2)c2oc3ccccc3c21.[I-],0,binary,c1ccc(Nc2c3ccccc3[nH+]c3c2oc2ccccc23)cc1
C[n+]1c2ccccc2c(Nc2ccc(F)cc2)c2oc3ccccc3c21.[I-],0,binary,c1ccc(Nc2c3ccccc3[nH+]c3c2oc2ccccc23)cc1
COc1ccc(Nc2c3ccccc3[n+](C)c3c2oc2ccccc23)cc1.[I-],0,binary,c1ccc(Nc2c3ccccc3[nH+]c3c2oc2ccccc23)cc1
COc1ccccc1Nc1c2ccccc2[n+](C)c2c1oc1ccccc12.[I-],0,binary,c1ccc(Nc2c3ccccc3[nH+]c3c2oc2ccccc23)cc1
Cc1ccc(Nc2c3ccccc3[n+](C)c3c2oc2ccccc23)cc1C.[I-],0,binary,c1ccc(Nc2c3ccccc3[nH+]c3c2oc2ccccc23)cc1
COc1cccc(Nc2c3ccccc3[n+](C)c3c2oc2ccccc23)c1.[I-],0,binary,c1ccc(Nc2c3ccccc3[nH+]c3c2oc2ccccc23)cc1
Cc1cc(C)cc(Nc2c3ccccc3[n+](C)c3c2oc2ccccc23)c1.[I-],0,binary,c1ccc(Nc2c3ccccc3[nH+]c3c2oc2ccccc23)cc1
C[n+]1c2ccccc2c(Nc2ccc(F)cc2F)c2oc3ccccc3c21.[I-],0,binary,c1ccc(Nc2c3ccccc3[nH+]c3c2oc2ccccc23)cc1
Cc1cc(F)ccc1Nc1c2ccccc2[n+](C)c2c1oc1ccccc12.[I-],0,binary,c1ccc(Nc2c3ccccc3[nH+]c3c2oc2ccccc23)cc1
Cc1ccc(Nc2c3ccccc3[n+](C)c3c2oc2ccccc23)cc1F.[I-],0,binary,c1ccc(Nc2c3ccccc3[nH+]c3c2oc2ccccc23)cc1
C[n+]1c2ccccc2c(Nc2ccc(OC(F)(F)F)cc2)c2oc3ccccc3c21.[I-],0,binary,c1ccc(Nc2c3ccccc3[nH+]c3c2oc2ccccc23)cc1
C[n+]1c2ccccc2c(Nc2ccccc2)c2[nH]c3ccccc3c21.[I-],0,binary,c1ccc(Nc2c3ccccc3[nH+]c3c2[nH]c2ccccc23)cc1
Cc1ccccc1Nc1c2ccccc2[n+](C)c2c1[nH]c1ccccc12.[I-],0,binary,c1ccc(Nc2c3ccccc3[nH+]c3c2[nH]c2ccccc23)cc1
Cc1ccc(Nc2c3ccccc3[n+](C)c3c2[nH]c2ccccc23)cc1.[I-],0,binary,c1ccc(Nc2c3ccccc3[nH+]c3c2[nH]c2ccccc23)cc1
CCc1ccc(Nc2c3ccccc3[n+](C)c3c2[nH]c2ccccc23)cc1.[I-],0,binary,c1ccc(Nc2c3ccccc3[nH+]c3c2[nH]c2ccccc23)cc1
C[n+]1c2ccccc2c(Nc2ccc(Cl)cc2)c2[nH]c3ccccc3c21.[I-],0,binary,c1ccc(Nc2c3ccccc3[nH+]c3c2[nH]c2ccccc23)cc1
CCOc1ccccc1Nc1c2ccccc2[n+](C)c2c1[nH]c1ccccc12.[I-],0,binary,c1ccc(Nc2c3ccccc3[nH+]c3c2[nH]c2ccccc23)cc1
CCOc1ccc(Nc2c3ccccc3[n+](C)c3c2[nH]c2ccccc23)cc1.[I-],0,binary,c1ccc(Nc2c3ccccc3[nH+]c3c2[nH]c2ccccc23)cc1
C[n+]1c2ccccc2c(Nc2cccc(F)c2)c2[nH]c3ccccc3c21.[I-],0,binary,c1ccc(Nc2c3ccccc3[nH+]c3c2[nH]c2ccccc23)cc1
C[n+]1c2ccccc2c(Nc2ccc(F)cc2)c2[nH]c3ccccc3c21.[I-],0,binary,c1ccc(Nc2c3ccccc3[nH+]c3c2[nH]c2ccccc23)cc1
COc1ccc(Nc2c3ccccc3[n+](C)c3c2[nH]c2ccccc23)cc1.[I-],0,binary,c1ccc(Nc2c3ccccc3[nH+]c3c2[nH]c2ccccc23)cc1
COc1ccccc1Nc1c2ccccc2[n+](C)c2c1[nH]c1ccccc12.[I-],0,binary,c1ccc(Nc2c3ccccc3[nH+]c3c2[nH]c2ccccc23)cc1
Cc1ccc(Nc2c3ccccc3[n+](C)c3c2[nH]c2ccccc23)cc1C.[I-],0,binary,c1ccc(Nc2c3ccccc3[nH+]c3c2[nH]c2ccccc23)cc1
COc1cccc(Nc2c3ccccc3[n+](C)c3c2[nH]c2ccccc23)c1.[I-],0,binary,c1ccc(Nc2c3ccccc3[nH+]c3c2[nH]c2ccccc23)cc1
Cc1cc(C)cc(Nc2c3ccccc3[n+](C)c3c2[nH]c2ccccc23)c1.[I-],0,binary,c1ccc(Nc2c3ccccc3[nH+]c3c2[nH]c2ccccc23)cc1
C[n+]1c2ccccc2c(Nc2ccc(F)cc2F)c2[nH]c3ccccc3c21.[I-],0,binary,c1ccc(Nc2c3ccccc3[nH+]c3c2[nH]c2ccccc23)cc1
Cc1cc(F)ccc1Nc1c2ccccc2[n+](C)c2c1[nH]c1ccccc12.[I-],0,binary,c1ccc(Nc2c3ccccc3[nH+]c3c2[nH]c2ccccc23)cc1
Cc1ccc(Nc2c3ccccc3[n+](C)c3c2[nH]c2ccccc23)cc1F.[I-],0,binary,c1ccc(Nc2c3ccccc3[nH+]c3c2[nH]c2ccccc23)cc1
C[n+]1c2ccccc2c(Nc2ccc(OC(F)(F)F)cc2)c2[nH]c3ccccc3c21.[I-],0,binary,c1ccc(Nc2c3ccccc3[nH+]c3c2[nH]c2ccccc23)cc1
C[N+](C)(CCO)CCSc1nnc(-c2ccccc2)o1.[Br-],0,binary,c1ccc(-c2nnco2)cc1
C[N+](C)(CCO)CCCSc1nnc(-c2ccccc2)o1.[Br-],0,binary,c1ccc(-c2nnco2)cc1
C[N+](C)(CCO)CCCCSc1nnc(-c2ccccc2)o1.[Br-],0,binary,c1ccc(-c2nnco2)cc1
C[N+](C)(CCO)CCCCCCSc1nnc(-c2ccccc2)o1.[Br-],0,binary,c1ccc(-c2nnco2)cc1
C[N+](C)(CCO)CCCCCCCCSc1nnc(-c2ccccc2)o1.[Br-],0,binary,c1ccc(-c2nnco2)cc1
C[N+](C)(CCO)CCCCCCCCCCSc1nnc(-c2ccccc2)o1.[Br-],0,binary,c1ccc(-c2nnco2)cc1
C[N+](C)(CCO)CCCCCCCCCCCCSc1nnc(-c2ccccc2)o1.[Br-],0,binary,c1ccc(-c2nnco2)cc1
CC[N+](CC)(CCO)CCSc1nnc(-c2ccccc2)o1.[Br-],0,binary,c1ccc(-c2nnco2)cc1
CC[N+](CC)(CCO)CCCSc1nnc(-c2ccccc2)o1.[Br-],0,binary,c1ccc(-c2nnco2)cc1
CC[N+](CC)(CCO)CCCCSc1nnc(-c2ccccc2)o1.[Br-],0,binary,c1ccc(-c2nnco2)cc1
CC[N+](CC)(CCO)CCCCCCSc1nnc(-c2ccccc2)o1.[Br-],0,binary,c1ccc(-c2nnco2)cc1
CC[N+](CC)(CCO)CCCCCCCCSc1nnc(-c2ccccc2)o1.[Br-],0,binary,c1ccc(-c2nnco2)cc1
CC[N+](CC)(CCO)CCCCCCCCCCSc1nnc(-c2ccccc2)o1.[Br-],0,binary,c1ccc(-c2nnco2)cc1
CC[N+](CC)(CCO)CCCCCCCCCCCCSc1nnc(-c2ccccc2)o1.[Br-],0,binary,c1ccc(-c2nnco2)cc1
C[N+](CCO)(CCO)CCSc1nnc(-c2ccccc2)o1.[Br-],0,binary,c1ccc(-c2nnco2)cc1
C[N+](CCO)(CCO)CCCSc1nnc(-c2ccccc2)o1.[Br-],0,binary,c1ccc(-c2nnco2)cc1
C[N+](CCO)(CCO)CCCCSc1nnc(-c2ccccc2)o1.[Br-],0,binary,c1ccc(-c2nnco2)cc1
C[N+](CCO)(CCO)CCCCCCSc1nnc(-c2ccccc2)o1.[Br-],0,binary,c1ccc(-c2nnco2)cc1
C[N+](CCO)(CCO)CCCCCCCCSc1nnc(-c2ccccc2)o1.[Br-],0,binary,c1ccc(-c2nnco2)cc1
C[N+](CCO)(CCO)CCCCCCCCCCSc1nnc(-c2ccccc2)o1.[Br-],0,binary,c1ccc(-c2nnco2)cc1
C[N+](CCO)(CCO)CCCCCCCCCCCCSc1nnc(-c2ccccc2)o1.[Br-],1,binary,c1ccc(-c2nnco2)cc1
CCCCCCCCCCCCCCCCn1cc[n+](-c2ccccc2)c1C.[Br-],0,binary,c1ccc(-[n+]2cc[nH]c2)cc1
CCCCCCCCCCCCCCCCn1cc[n+](-c2ccc(C(F)(F)F)cc2)c1C.[Br-],0,binary,c1ccc(-[n+]2cc[nH]c2)cc1
CCCCCCCCCCCCCCCCn1cc[n+](-c2ccc([N+](=O)[O-])cc2)c1C.[Br-],0,binary,c1ccc(-[n+]2cc[nH]c2)cc1
CCCCCCCCCCCCCCCCn1cc[n+](-c2ccc(OC)cc2)c1C.[Br-],0,binary,c1ccc(-[n+]2cc[nH]c2)cc1
CCCCCCCCCCCCCCCCn1cc[n+](-c2ccc(Oc3ccccc3)cc2)c1C.[Br-],0,binary,c1ccc(Oc2ccc(-[n+]3cc[nH]c3)cc2)cc1
CCCCCCCCCCCCCCCCn1cc[n+](-c2ccc(Cl)cc2)c1C.[Br-],0,binary,c1ccc(-[n+]2cc[nH]c2)cc1
CCCCCCCCCCCCCCCCn1cc[n+](-c2ccc(OC(F)(F)F)cc2)c1C.[Br-],0,binary,c1ccc(-[n+]2cc[nH]c2)cc1
CCCCCCCCCCCCCCCCn1cc[n+](C)c1C.[I-],0,binary,c1c[nH+]c[nH]1
CCCCCCCCCCCCCCCCn1cc[n+](CCCC)c1C.[Br-],0,binary,c1c[nH+]c[nH]1
C=CC[n+]1ccn(CCCCCCCCCCCCCCCC)c1C.[Br-],1,binary,c1c[nH+]c[nH]1
CCCCCCCCCCCCCCCCn1cc[n+](CCO)c1C.[Br-],1,binary,c1c[nH+]c[nH]1
CCCCCCCCCCCCCCCCn1cc[n+](Cc2ccc(C(C)C)cc2)c1C.[Br-],0,binary,c1ccc(C[n+]2cc[nH]c2)cc1
CCCCCCCCCCCCCCCCn1cc[n+](Cc2ccc(C(C)(C)C)cc2)c1C.[Br-],0,binary,c1ccc(C[n+]2cc[nH]c2)cc1
CCCCCCCCCCCCCCCCn1cc[n+](Cc2ccc(Br)cc2)c1C.[Br-],0,binary,c1ccc(C[n+]2cc[nH]c2)cc1
CCCCCCCCCCCCCCCCn1cc[n+](Cc2ccccc2Br)c1C.[Br-],0,binary,c1ccc(C[n+]2cc[nH]c2)cc1
CCCCCCCCCCCCCCCCn1cc[n+](Cc2ccc(Br)cc2C(F)(F)F)c1C.[Br-],0,binary,c1ccc(C[n+]2cc[nH]c2)cc1
CCCCCCCCCCCCCCCCn1cc[n+](Cc2cccc(OC)c2)c1C.[Br-],0,binary,c1ccc(C[n+]2cc[nH]c2)cc1
CCCCCCCCCCCCCCCCn1cc[n+](Cc2cccc(F)c2)c1C.[Br-],0,binary,c1ccc(C[n+]2cc[nH]c2)cc1
CCCCCCCCCCCCCCCCn1cc[n+](Cc2cc(C(F)(F)F)cc(C(F)(F)F)c2)c1C.[Br-],0,binary,c1ccc(C[n+]2cc[nH]c2)cc1
CCCCCCCCCCCCCCCCn1cc[n+](Cc2cc(Br)cc(Br)c2)c1C.[Br-],0,binary,c1ccc(C[n+]2cc[nH]c2)cc1
CCCCCCCCCCCCCCCCn1cc[n+](CC(=O)Nc2ccc(F)cc2)c1C.[Br-],0,binary,O=C(C[n+]1cc[nH]c1)Nc1ccccc1
CCCCCCCCCCCCCCCCn1c(C)[n+](C)c2ccccc21.[I-],0,binary,c1ccc2[nH+]c[nH]c2c1
CCCCCCCCCCCCCCCCn1c(C)[n+](Cc2ccccc2)c2ccccc21.[Br-],0,binary,c1ccc(C[n+]2c[nH]c3ccccc32)cc1
CCCCCCCCCCCCCCCCn1c(C)[n+](Cc2cccc(OC)c2)c2ccccc21.[Br-],0,binary,c1ccc(C[n+]2c[nH]c3ccccc32)cc1
CCCCCCCCCCCCCCCCn1c(C)[n+](Cc2cccc(F)c2)c2ccccc21.[Br-],0,binary,c1ccc(C[n+]2c[nH]c3ccccc32)cc1
CCCCCCCCCCCCCCCCn1cc[n+](Cc2ccc(C[n+]3ccn(CCCCCCCCCCCCCCCC)c3C)cc2)c1C.[Br-].[Br-],0,binary,c1c[n+](Cc2ccc(C[n+]3cc[nH]c3)cc2)c[nH]1
CCCCCCCCCCCCCCCCn1cc[n+](Cc2ccccc2C[n+]2ccn(CCCCCCCCCCCCCCCC)c2C)c1C.[Br-].[Br-],0,binary,c1ccc(C[n+]2cc[nH]c2)c(C[n+]2cc[nH]c2)c1
CCCCCCCCCCCCCCCCn1cc(-c2ccccc2)[n+](C)n1.[I-],1,binary,c1ccc(-c2c[nH]n[nH+]2)cc1
CCCCCCCCCCCC[N+](C)(C)c1nc(Nc2ccc(C(=O)O)cc2)nc(Nc2ccc(/C=C/c3ccc(Nc4nc(Nc5ccc(C(=O)O)cc5)nc([N+](C)(C)CCCCCCCCCCCC)n4)cc3S(=O)(=O)O)c(S(=O)(=O)O)c2)n1.[Cl-].[Cl-],0,binary,C(=Cc1ccc(Nc2ncnc(Nc3ccccc3)n2)cc1)c1ccc(Nc2ncnc(Nc3ccccc3)n2)cc1
CCCCCCCCCCCC[N+](C)(C)c1nc(Nc2ccc(S(=O)(=O)O)cc2)nc(Nc2ccc(/C=C/c3ccc(Nc4nc(Nc5ccc(S(=O)(=O)O)cc5)nc([N+](C)(C)CCCCCCCCCCCC)n4)cc3S(=O)(=O)O)c(S(=O)(=O)O)c2)n1.[Cl-].[Cl-],0,binary,C(=Cc1ccc(Nc2ncnc(Nc3ccccc3)n2)cc1)c1ccc(Nc2ncnc(Nc3ccccc3)n2)cc1
CCCCCCCCCCCC[N+](C)(C)c1nc(Nc2ccc(/C=C/c3ccc(Nc4nc(N(CCO)CCO)nc([N+](C)(C)CCCCCCCCCCCC)n4)cc3S(=O)(=O)O)c(S(=O)(=O)O)c2)nc(N(CCO)CCO)n1.[Cl-].[Cl-],0,binary,C(=Cc1ccc(Nc2ncncn2)cc1)c1ccc(Nc2ncncn2)cc1
CCCCCCCCCCCC[N+](C)(C)c1nc(Nc2ccc(/C=C/c3ccc(Nc4nc(N(CC(=O)O)CC(=O)O)nc([N+](C)(C)CCCCCCCCCCCC)n4)cc3S(=O)(=O)O)c(S(=O)(=O)O)c2)nc(N(CC(=O)O)CC(=O)O)n1.[Cl-].[Cl-],0,binary,C(=Cc1ccc(Nc2ncncn2)cc1)c1ccc(Nc2ncncn2)cc1
CNC(=O)C[N+](C)(C)CCCOc1cc(/C=C/c2ccc(/C=C/c3cc(OCCC[N+](C)(C)CC(=O)NC)cc(OCCC[N+](C)(C)CC(=O)NC)c3)cc2)cc(OCCC[N+](C)(C)CC(=O)NC)c1.[Br-].[Br-].[Br-].[Br-],0,binary,C(=Cc1ccc(C=Cc2ccccc2)cc1)c1ccccc1
CCCNC(=O)C[N+](C)(C)CCCOc1cc(/C=C/c2ccc(/C=C/c3cc(OCCC[N+](C)(C)CC(=O)NCCC)cc(OCCC[N+](C)(C)CC(=O)NCCC)c3)cc2)cc(OCCC[N+](C)(C)CC(=O)NCCC)c1.[Br-].[Br-].[Br-].[Br-],1,binary,C(=Cc1ccc(C=Cc2ccccc2)cc1)c1ccccc1
CCCCCCNC(=O)C[N+](C)(C)CCCOc1cc(/C=C/c2ccc(/C=C/c3cc(OCCC[N+](C)(C)CC(=O)NCCCCCC)cc(OCCC[N+](C)(C)CC(=O)NCCCCCC)c3)cc2)cc(OCCC[N+](C)(C)CC(=O)NCCCCCC)c1.[Br-].[Br-].[Br-].[Br-],0,binary,C(=Cc1ccc(C=Cc2ccccc2)cc1)c1ccccc1
CCCC[N+](C)(C)Cc1ccc(C[N+](C)(C)CCCC)cc1.[Br-].[Br-],0,binary,c1ccccc1
CCCCCC[N+](C)(C)Cc1ccc(C[N+](C)(C)CCCCCC)cc1.[Br-].[Br-],0,binary,c1ccccc1
CCCCCCCC[N+](C)(C)Cc1ccc(C[N+](C)(C)CCCCCCCC)cc1.[Br-].[Br-],0,binary,c1ccccc1
CCCCCCCCCC[N+](C)(C)Cc1ccc(C[N+](C)(C)CCCCCCCCCC)cc1.[Br-].[Br-],1,binary,c1ccccc1
CCCCCCCCCCCC[N+](C)(C)Cc1ccc(C[N+](C)(C)CCCCCCCCCCCC)cc1.[Br-].[Br-],1,binary,c1ccccc1
CCCCCCCCCCCCCC[N+](C)(C)Cc1ccc(C[N+](C)(C)CCCCCCCCCCCCCC)cc1.[Br-].[Br-],0,binary,c1ccccc1
CCCCCCCCCCCCCCCC[N+](C)(C)Cc1ccc(C[N+](C)(C)CCCCCCCCCCCCCCCC)cc1.[Br-].[Br-],0,binary,c1ccccc1
CCCCCCCCCCCCCCCCCC[N+](C)(C)Cc1ccc(C[N+](C)(C)CCCCCCCCCCCCCCCCCC)cc1.[Br-].[Br-],0,binary,c1ccccc1
CCCCCCCC[N+](C)(C)CCN(C)CC[N+](C)(C)CCCCCCCC.[I-],0,binary,acyclic
CCCCCCCCCC[N+](C)(C)CCN(C)CC[N+](C)(C)CCCCCCCCCC.[I-],0,binary,acyclic
CCCCCCCCCCCC[N+](C)(C)CCN(C)CC[N+](C)(C)CCCCCCCCCCCC.[I-],0,binary,acyclic
CCCCCCCCCCCCCC[N+](C)(C)CCN(C)CC[N+](C)(C)CCCCCCCCCCCCCC.[I-],0,binary,acyclic
CCCCCCCCCCCCCCCC[N+](C)(C)CCN(C)CC[N+](C)(C)CCCCCCCCCCCCCCCC.[I-],0,binary,acyclic
CCCCCCCCCCCCCCCCCC[N+](C)(C)CCN(C)CC[N+](C)(C)CCCCCCCCCCCCCCCCCC.[I-],0,binary,acyclic
CCCCCCCCCC[N+](C)(C)CCN(C)CC[N+](C)(C)CCCCCCCCCC.[Br-],0,binary,acyclic
CCCCCCCCCCCC[N+](C)(C)CCN(C)CC[N+](C)(C)CCCCCCCCCCCC.[Br-],1,binary,acyclic
CCCCCCCCCCCCCC[N+](C)(C)CCN(C)CC[N+](C)(C)CCCCCCCCCCCCCC.[Br-],1,binary,acyclic
CCCCCCCCCCCCCCCC[N+](C)(C)CCN(C)CC[N+](C)(C)CCCCCCCCCCCCCCCC.[Br-],0,binary,acyclic
CCCCCCCCCCCCCCCCCC[N+](C)(C)CCN(C)CC[N+](C)(C)CCCCCCCCCCCCCCCCCC.[Br-],0,binary,acyclic
CCCCCCCCCCCCCCCCCC[N+](C)(C)CCCN(CCCCCCCC)CCC[N+](C)(C)CCCCCCCCCCCCCCCCCC.[Br-],0,binary,acyclic
CCCCCCCCCCCCCCCCCC[N+](C)(C)CCCN(CCCCCCCCCC)CCC[N+](C)(C)CCCCCCCCCCCCCCCCCC.[Br-],0,binary,acyclic
CCCCCCCCCCCCCCCCCC[N+](C)(C)CCCN(CCCCCCCCCCCC)CCC[N+](C)(C)CCCCCCCCCCCCCCCCCC.[Br-],0,binary,acyclic
CCCCCCCCCCCCCCCC[N+](C)(C)CCCN(CCCCCCCCCCCCCC)CCC[N+](C)(C)CCCCCCCCCCCCCCCC.[Br-],0,binary,acyclic
CCCCCCCCCCCCCCCCCC[N+](C)(C)CCCN(CCCCCCCCCCCCCCCC)CCC[N+](C)(C)CCCCCCCCCCCCCCCCCC.[Br-],0,binary,acyclic
CCCCCCCCCCCCN(CCC[N+](C)(C)CCCCCCCCCCCC)CCC[N+](C)(C)CCCCCCCCCCCC.[I-],0,binary,acyclic
CCCCCCCCCCCCCCCCN(CCC[N+](C)(C)CCCCCCCCCCCCCCCC)CCC[N+](C)(C)CCCCCCCCCCCCCCCC.[I-],0,binary,acyclic
CCCCCCCCCCCC[N+](C)(C)CCCNCCC[N+](C)(C)CCCCCCCCCCCC.[I-],1,binary,acyclic
CCCCCCCCCCCCCCCC[N+](C)(C)CCCNCCC[N+](C)(C)CCCCCCCCCCCCCCCC.[I-],0,binary,acyclic
CCCCCCCCCCCCCCCCCC[N+](C)(C)CCCNCCC[N+](C)(C)CCCCCCCCCCCCCCCCCC.[I-],0,binary,acyclic
C[N+](C)(CCNc1c([N+](=O)[O-])c(Cl)cc2c1no[n+]2[O-])Cc1ccccc1.[Br-],0,binary,c1ccc(C[NH2+]CCNc2cccc3[nH+]onc23)cc1
C[N+](C)(CCNc1c([N+](=O)[O-])c(Cl)cc2c1no[n+]2[O-])Cc1ccccc1CBr.[Br-],0,binary,c1ccc(C[NH2+]CCNc2cccc3[nH+]onc23)cc1
C[N+](C)(CCNc1c([N+](=O)[O-])c(Cl)cc2c1no[n+]2[O-])Cc1cccc(CBr)c1.[Br-],0,binary,c1ccc(C[NH2+]CCNc2cccc3[nH+]onc23)cc1
C[N+](C)(CCNc1c([N+](=O)[O-])c(Cl)cc2c1no[n+]2[O-])Cc1ccc(CBr)cc1.[Br-],0,binary,c1ccc(C[NH2+]CCNc2cccc3[nH+]onc23)cc1
C[N+](C)(CCNc1c([N+](=O)[O-])c(Cl)cc2no[n+]([O-])c12)Cc1ccccc1CBr.[Br-],0,binary,c1ccc(C[NH2+]CCNc2cccc3no[nH+]c23)cc1
C[N+](C)(CCNc1c([N+](=O)[O-])c(Cl)cc2no[n+]([O-])c12)Cc1cccc(CBr)c1.[Br-],0,binary,c1ccc(C[NH2+]CCNc2cccc3no[nH+]c23)cc1
C[N+](C)(CCNc1c([N+](=O)[O-])c(Cl)cc2no[n+]([O-])c12)Cc1ccc(CBr)cc1.[Br-],0,binary,c1ccc(C[NH2+]CCNc2cccc3no[nH+]c23)cc1
CC(C)c1cc2c(OCC(=O)NCCC[N+](C)(C)C)c(c1)Sc1cc(C(C)C)cc(c1OCC(=O)NCCC[N+](C)(C)C)Sc1cc(C(C)C)cc(c1OCC(=O)NCCC[N+](C)(C)C)Sc1cc(C(C)C)cc(c1OCC(=O)NCCC[N+](C)(C)C)S2.[Cl-].[Cl-].[Cl-].[Cl-],0,binary,c1cc2cc(c1)Sc1cccc(c1)Sc1cccc(c1)Sc1cccc(c1)S2
CCCC[N+](C)(C)CCCNC(=O)COc1c2cc(C(C)C)cc1Sc1cc(C(C)C)cc(c1OCC(=O)NCCC[N+](C)(C)CCCC)Sc1cc(C(C)C)cc(c1OCC(=O)NCCC[N+](C)(C)CCCC)Sc1cc(C(C)C)cc(c1OCC(=O)NCCC[N+](C)(C)CCCC)S2.[Cl-].[Cl-].[Cl-].[Cl-],0,binary,c1cc2cc(c1)Sc1cccc(c1)Sc1cccc(c1)Sc1cccc(c1)S2
CCCCCCCC[N+](C)(C)CCCNC(=O)COc1c2cc(C(C)C)cc1Sc1cc(C(C)C)cc(c1OCC(=O)NCCC[N+](C)(C)CCCCCCCC)Sc1cc(C(C)C)cc(c1OCC(=O)NCCC[N+](C)(C)CCCCCCCC)Sc1cc(C(C)C)cc(c1OCC(=O)NCCC[N+](C)(C)CCCCCCCC)S2.[Cl-].[Cl-].[Cl-].[Cl-],1,binary,c1cc2cc(c1)Sc1cccc(c1)Sc1cccc(c1)Sc1cccc(c1)S2
CCCCCCCCCC[N+](C)(C)CCCNC(=O)COc1c2cc(C(C)C)cc1Sc1cc(C(C)C)cc(c1OCC(=O)NCCC[N+](C)(C)CCCCCCCCCC)Sc1cc(C(C)C)cc(c1OCC(=O)NCCC[N+](C)(C)CCCCCCCCCC)Sc1cc(C(C)C)cc(c1OCC(=O)NCCC[N+](C)(C)CCCCCCCCCC)S2.[Cl-].[Cl-].[Cl-].[Cl-],0,binary,c1cc2cc(c1)Sc1cccc(c1)Sc1cccc(c1)Sc1cccc(c1)S2
CC(C)c1cc2c(OCC(=O)NCCC[N+](C)(C)Cc3ccccc3)c(c1)Sc1cc(C(C)C)cc(c1OCC(=O)NCCC[N+](C)(C)Cc1ccccc1)Sc1cc(C(C)C)cc(c1OCC(=O)NCCC[N+](C)(C)Cc1ccccc1)Sc1cc(C(C)C)cc(c1OCC(=O)NCCC[N+](C)(C)Cc1ccccc1)S2.[Cl-].[Cl-].[Cl-].[Cl-],0,binary,O=C(COc1c2cccc1Sc1cccc(c1OCC(=O)NCCC[NH2+]Cc1ccccc1)Sc1cccc(c1OCC(=O)NCCC[NH2+]Cc1ccccc1)Sc1cccc(c1OCC(=O)NCCC[NH2+]Cc1ccccc1)S2)NCCC[NH2+]Cc1ccccc1
CCn1cc(C(=O)O)c(=O)c2cnc(N3CC[N+]4(CC3)CN3C(C)=CC(C)=C(C(=O)O)C3=N4)nc21.[Cl-],0,binary,O=c1cc[nH]c2nc(N3CC[N+]4(CC3)CN3C=CC=CC3=N4)ncc12
CCn1cc(C(=O)O)c(=O)c2cc(F)c(N3CC[N+]4(CC3)CN3C(C)=CC(C)=C(C(=O)O)C3=N4)nc21.[Cl-],0,binary,O=c1cc[nH]c2nc(N3CC[N+]4(CC3)CN3C=CC=CC3=N4)ccc12
CCn1cc(C(=O)O)c(=O)c2cc(F)c(N3CC[N+]4(CC3)CN3C(C)=CC(C)=C(C(=O)O)C3=N4)cc21.[Cl-],0,binary,O=c1cc[nH]c2cc(N3CC[N+]4(CC3)CN3C=CC=CC3=N4)ccc12
CC1=CC(C)=C(C(=O)O)C2=N[N+]3(CCN(c4c(F)cc5c(=O)c(C(=O)O)cn(C6CC6)c5c4F)CC3C)CN12.[Cl-],0,binary,O=c1ccn(C2CC2)c2cc(N3CC[N+]4(CC3)CN3C=CC=CC3=N4)ccc12
CC1=CC(C)=C(C(=O)O)C2=N[N+]3(CCN(c4cc5c(cc4F)c(=O)c(C(=O)O)cn5C4CC4)CC3)CN12.[Cl-],0,binary,O=c1ccn(C2CC2)c2cc(N3CC[N+]4(CC3)CN3C=CC=CC3=N4)ccc12
CC1=CC(C)=C(C(=O)O)C2=N[N+]3(CN12)[C@H](C)CN(c1c(F)c(N)c2c(=O)c(C(=O)O)cn(C4CC4)c2c1F)C[C@@H]3C.[Cl-],0,binary,O=c1ccn(C2CC2)c2cc(N3CC[N+]4(CC3)CN3C=CC=CC3=N4)ccc12
COc1c(N2CC[N+]3(CN4C(C)=CC(C)=C(C(=O)O)C4=N3)C(C)C2)c(F)cc2c(=O)c(C(=O)O)cn(C3CC3)c12.[Cl-],0,binary,O=c1ccn(C2CC2)c2cc(N3CC[N+]4(CC3)CN3C=CC=CC3=N4)ccc12
COc1c2c(cc(F)c1N1C[C@@H]3CCC[N+]4(CN5C(C)=CC(C)=C(C(=O)O)C5=N4)[C@@H]3C1)CC(C(=O)O)=CC2C1CC1.[Cl-],0,binary,C1=CC2=N[N+]3(CCCC4CN(c5ccc6c(c5)C(C5CC5)C=CC6)CC43)CN2C=C1
CCn1cc(C(=O)O)c(=O)c2cnc(N3CC[N+]4(CC3)CN3C(=N4)C(C(=O)O)=Cc4ccccc43)nc21.[Cl-],0,binary,O=c1cc[nH]c2nc(N3CC[N+]4(CC3)CN3C(=N4)C=Cc4ccccc43)ncc12
CCn1cc(C(=O)O)c(=O)c2cc(F)c(N3CC[N+]4(CC3)CN3C(=N4)C(C(=O)O)=Cc4ccccc43)nc21.[Cl-],1,binary,O=c1cc[nH]c2nc(N3CC[N+]4(CC3)CN3C(=N4)C=Cc4ccccc43)ccc12
CCn1cc(C(=O)O)c(=O)c2cc(F)c(N3CC[N+]4(CC3)CN3C(=N4)C(C(=O)O)=Cc4ccccc43)cc21.[Cl-],0,binary,O=c1cc[nH]c2cc(N3CC[N+]4(CC3)CN3C(=N4)C=Cc4ccccc43)ccc12
CCn1cc(C(=O)O)c(=O)c2cc(F)c(N3CC[N+]4(CN5C(=N4)C(C(=O)O)=Cc4ccccc45)C(C)C3)c(F)c21.[Cl-],1,binary,O=c1cc[nH]c2cc(N3CC[N+]4(CC3)CN3C(=N4)C=Cc4ccccc43)ccc12
O=C(O)C1=Cc2ccccc2N2C[N+]3(CCN(c4cc5c(cc4F)c(=O)c(C(=O)O)cn5C4CC4)CC3)N=C12.[Cl-],1,binary,O=c1ccn(C2CC2)c2cc(N3CC[N+]4(CC3)CN3C(=N4)C=Cc4ccccc43)ccc12
C[C@@H]1CN(c2c(F)c(N)c3c(=O)c(C(=O)O)cn(C4CC4)c3c2F)C[C@H](C)[N+]12CN1C(=N2)C(C(=O)O)=Cc2ccccc21.[Cl-],0,binary,O=c1ccn(C2CC2)c2cc(N3CC[N+]4(CC3)CN3C(=N4)C=Cc4ccccc43)ccc12
COc1c(N2CC[N+]3(CN4C(=N3)C(C(=O)O)=Cc3ccccc34)C(C)C2)c(F)cc2c(=O)c(C(=O)O)cn(C3CC3)c12.[Cl-],0,binary,O=c1ccn(C2CC2)c2cc(N3CC[N+]4(CC3)CN3C(=N4)C=Cc4ccccc43)ccc12
C=C(C)C1=CC(C2CC2)c2c(cc(F)c(N3CC4CCC[N+]5(CN6C(=N5)C(C(=O)O)=Cc5ccccc56)C4C3)c2OC)C1=C.[Cl-],0,binary,C=C1C=CC(C2CC2)c2cc(N3CC4CCC[N+]5(CN6C(=N5)C=Cc5ccccc56)C4C3)ccc21
CCn1cc(C(=O)O)c(=O)c2cnc(N3CC[N+](C)(C)CC3)nc21.[I-],0,binary,O=c1cc[nH]c2nc(N3CC[NH2+]CC3)ncc12
CCn1cc(C(=O)O)c(=O)c2cc(F)c(N3CC[N+](C)(C)CC3)nc21.[I-],0,binary,O=c1cc[nH]c2nc(N3CC[NH2+]CC3)ccc12
CCn1cc(C(=O)O)c(=O)c2cc(F)c(N3CC[N+](C)(C)CC3)cc21.[I-],0,binary,O=c1cc[nH]c2cc(N3CC[NH2+]CC3)ccc12
CCn1cc(C(=O)O)c(=O)c2cc(F)c(N3CC[N+](C)(C)C(C)C3)c(F)c21.[I-],0,binary,O=c1cc[nH]c2cc(N3CC[NH2+]CC3)ccc12
C[N+]1(C)CCN(c2cc3c(cc2F)c(=O)c(C(=O)O)cn3C2CC2)CC1.[I-],1,binary,O=c1ccn(C2CC2)c2cc(N3CC[NH2+]CC3)ccc12
COc1c(N2CC[N+](C)(C)C(C)C2)c(F)cc2c(=O)c(C(=O)O)cn(C3CC3)c12.[I-],0,binary,O=c1ccn(C2CC2)c2cc(N3CC[NH2+]CC3)ccc12
C[N+]1(C)CCCN(c2cc3c(cc2F)c(=O)c(C(=O)O)cn3C2CC2)CC1.[I-],1,binary,O=c1ccn(C2CC2)c2cc(N3CCC[NH2+]CC3)ccc12
COc1c(N2CC3CCC[N+](C)(C)C3C2)c(F)cc2c(=O)c(C(=O)O)cn(C3CC3)c12.[I-],0,binary,O=c1ccn(C2CC2)c2cc(N3CC4CCC[NH2+]C4C3)ccc12
O=C(O)C1=Cc2ccccc2N2C[N+]3(CCCN(c4cc5c(cc4F)c(=O)c(C(=O)O)cn5C4CC4)CC3)N=C12.[Cl-],0,binary,O=c1ccn(C2CC2)c2cc(N3CCC[N+]4(CC3)CN3C(=N4)C=Cc4ccccc43)ccc12
CCCCCCCCCCCCC[N+](C)(C)CCO.[Br-],0,binary,acyclic
CCCCCCCCCCCCC[N+](C)(C)CCCO.[Br-],0,binary,acyclic
CCCCCCCCCCCCC[N+](C)(C)CC(C)O.[Br-],0,binary,acyclic
CCCCCCCCCCCCCCC[N+](C)(C)CCO.[Br-],0,binary,acyclic
CCCCCCCCCCCCCCC[N+](C)(C)CCCO.[Br-],0,binary,acyclic
CCCCCCCCCCCCCCC[N+](C)(C)CC(C)O.[Br-],0,binary,acyclic
CCCCCCCCCC[N+](C)(C)CC1CO1.[Cl-],0,binary,C1CO1
CCCCCCCCCCCC[N+](C)(C)CC1CO1.[Cl-],0,binary,C1CO1
CCCCCCCCCCCCCC[N+](C)(C)CC1CO1.[Cl-],0,binary,C1CO1
CCCCCCCCCCCCCCCC[N+](C)(C)CC1CO1.[Cl-],0,binary,C1CO1
CCCCCCCCCCCCCCCCCC[n+]1ccc(CCCc2cc[n+](CCCCCCCCCCCCCCCCCC)cc2)cc1.[Br-].[Br-],0,binary,c1cc(CCCc2cc[nH+]cc2)cc[nH+]1
CCCCCCCCCCCC[n+]1ccc(CN(Cc2cc[n+](CCCCCCCCCC)cc2)Cc2cc[n+](CCCCCCCCCC)cc2)cc1.[Br-].[Br-].[Br-],0,binary,c1cc(CN(Cc2cc[nH+]cc2)Cc2cc[nH+]cc2)cc[nH+]1
